"claim_id","claim","company","geography","customer_segment","legal_form","product","data_period","source_ids","evidence_summary","source_locator","evidence_status","confidence","limitations","contradiction_ids","review_status"
"BB-C0001","На локальной странице Qonto перечислены партнёрские способы финансирования через Edebex, Fleet и YouLend.","Qonto","Netherlands","business_account_customers","not_disaggregated","financing_partners","source_available_at_2026-10-05","BB-S0001","На локальной странице Qonto перечислены партнёрские способы финансирования через Edebex, Fleet и YouLend.","Top partners selected for you","fact","Medium","Доступность и условия конкретного кредитора требуют проверки; это не собственный кредитный портфель Qonto.","","seed_direct_source_checked"
"BB-C0002","Официальная справка Qonto описывает создание и отправку клиентских счетов внутри сервиса.","Qonto","Netherlands_localized_help","business_account_customers","not_disaggregated","customer_invoicing","source_available_at_2026-10-05","BB-S0002","Официальная справка Qonto описывает создание и отправку клиентских счетов внутри сервиса.","How do I create and configure my invoice; How can I send my invoice","fact","Medium","Не доказывает принятие функции клиентами и ускорение оплаты.","","seed_direct_source_checked"
"BB-C0003","Справка Mercury описывает приём счетов в отдельный почтовый ящик, согласование, планирование оплаты и передачу данных в бухгалтерскую систему.","Mercury","United States","business_account_customers","not_disaggregated","Bill Pay","source_available_at_2026-10-05","BB-S0003","Справка Mercury описывает приём счетов в отдельный почтовый ящик, согласование, планирование оплаты и передачу данных в бухгалтерскую систему.","Opening paragraph; Setting up Bill Pay","fact","Medium","Наличие функции не доказывает удержание клиентов и сокращение затрат.","","seed_direct_source_checked"
"BB-C0004","Tide указывает кредитную оценку компании и оборот по счёту Tide среди факторов доступности Credit Flex.","Tide","United Kingdom","eligible_business_customers","not_disaggregated","Credit Flex","source_available_at_2026-10-05","BB-S0004","Tide указывает кредитную оценку компании и оборот по счёту Tide среди факторов доступности Credit Flex.","Check your Credit Flex eligibility","fact","Medium","Вес факторов, реальная доля одобрения и качество портфеля неизвестны.","","seed_direct_source_checked"
"BB-C0005","Справка Tide описывает получение Credit Flex в связи с предстоящим или уже совершённым платежом.","Tide","United Kingdom","eligible_business_customers","not_disaggregated","Credit Flex","source_available_at_2026-10-05","BB-S0004","Справка Tide описывает получение Credit Flex в связи с предстоящим или уже совершённым платежом.","Cover costs with Credit Flex","fact","Medium","Описан клиентский механизм; не подтверждён экономический эффект.","","seed_direct_source_checked"
"BB-C0006","Square описывает оценку платёжной истории и регулярности операций при проверке доступа к займу.","Square","United States","eligible_merchants","not_disaggregated","Square Loans","source_available_at_2026-10-05","BB-S0005","Square описывает оценку платёжной истории и регулярности операций при проверке доступа к займу.","Loan eligibility factors; Fewer payments or inconsistent payment processing","fact","Medium","Платёжная история платформы не равна собственному РКО; отбор и реальные потери здесь не оценены.","","seed_direct_source_checked"
"BB-C0007","Square позволяет владельцу бизнеса по желанию подключить внешний основной счёт через Plaid для дополнительных данных к будущим предложениям.","Square","United States","business_owners","not_disaggregated","Square Loans external bank connection","source_available_at_2026-10-05","BB-S0005","Square позволяет владельцу бизнеса по желанию подключить внешний основной счёт через Plaid для дополнительных данных к будущим предложениям.","Connect an external bank account","fact","Medium","Подключение не меняет текущее предложение или доступность и не гарантирует кредит; будущий эффект не доказан.","","seed_direct_source_checked"
"BB-C0008","Официальное руководство Mercury предлагает обновить реквизиты входящих и исходящих платежей и подключения финансовых инструментов при переходе.","Mercury","United States","business_account_customers","not_disaggregated","account_switching","source_available_at_2026-10-05","BB-S0006","Официальное руководство Mercury предлагает обновить реквизиты входящих и исходящих платежей и подключения финансовых инструментов при переходе.","Page 1: steps Review and update your payments; Integrate your account","fact","Medium","Недатированный документ; не доказывает рост активации или долю основного счёта.","","seed_direct_source_checked"
"BB-C0009","В справке Toast финансовый раздел объединяет инструменты счёта, платежей, анализа денежного потока и кредитования.","Toast","United States","eligible_restaurants_and_retail","not_disaggregated","Toast Finance","source_available_at_2026-10-05","BB-S0007","В справке Toast финансовый раздел объединяет инструменты счёта, платежей, анализа денежного потока и кредитования.","Available Financial Products","fact","Medium","Наличие набора не подтверждает успех каждой функции и её доступность любому клиенту.","","seed_direct_source_checked"
"BB-C0010","Справка Toast указывает Thread Bank как провайдера Toast Checking и WebBank как кредитора Toast Capital Loans.","Toast","United States","eligible_business_customers","not_disaggregated","Toast Checking and Toast Capital","source_available_at_2026-10-05","BB-S0007","Справка Toast указывает Thread Bank как провайдера Toast Checking и WebBank как кредитора Toast Capital Loans.","Footnotes 2 and 3","fact","Medium","Описание ролей не раскрывает распределение всей экономики и риска между сторонами.","","seed_direct_source_checked"
"BB-C0011","CommBank описывает разные маршруты BetterBusiness Loan: существующий клиент обращается через NetBank с использованием имеющейся информации; новый записывается к специалисту.","CommBank","Australia","businesses","mixed_legal_forms","BetterBusiness Loan","source_available_at_2026-10-05","BB-S0008","Разделы How to apply и conditional approval явно разделяют клиентов.","How to apply: Existing customers / New customers","fact","Medium","Не измеренная скорость; не доказательство лучшей экономики или необходимости своего РКО; дополнительные условия применяются.","","BB01_targeted_primary_check"
"BB-C0012","iwoca описывает предоставление бизнес-транзакций через Open Banking либо PDF из онлайн-банка.","iwoca","Germany","businesses_and_self_employed","mixed_legal_forms","business_loan","source_available_at_2026-10-05","BB-S0009","Раздел требуемых документов называет два способа передачи операций.","Benötigte Unterlagen: Geschäftliche Kontoumsätze","fact","Medium","Не подтверждает долю использования или эффект скоринга; остальные документы зависят от заявки; не утверждает отсутствие всех требований к счетам.","","BB01_targeted_primary_check"
"BB-C0013","Rabobank в описанном маршруте финансирования без обязательной годовой отчётности допускает бизнес-счёт в Rabobank, ING, ABN AMRO, Knab или ASN Bank при дополнительных условиях.","Rabobank","Netherlands","businesses_meeting_route_conditions","eenmanszaak|VOF|BV_with_conditions","business_financing","source_available_at_2026-10-05","BB-S0010","FAQ перечисляет допустимые банки, транзакционные и иные критерии.","FAQ: Kan ik een financiering of krediet aanvragen zonder jaarcijfers?","fact","Medium","Не универсальный маршрут; годовые данные могут запросить; не проверено требование открыть свой счёт на последующей стадии; не причинное доказательство эффективности.","","BB01_targeted_primary_check"
"BB-C0014","ФНС описывает НПД как специальный налоговый режим; при соблюдении условий его могут применять физические лица и индивидуальные предприниматели.","","Russia","self_employed_and_individual_entrepreneurs","individuals|individual_entrepreneurs","Налог на профессиональный доход","source_available_at_2026-10-06","BB-S0011","Официальная справка отдельно называет налоговый режим и категории его пользователей.","Что такое налог на профессиональный доход; Кому подходит этот налоговый режим","fact","Medium","Не вывод о допустимости режима конкретному клиенту; не оценка размера сегмента и не указание на юридическое лицо.","","BB02_primary_definition_checked"
"BB-C0015","Еврокомиссия описывает SME через численность работников и оборот либо итог баланса; для компании в группе может требоваться включение данных группы.","","European Union","SME","not_disaggregated","SME definition","source_available_at_2026-10-06","BB-S0012","Официальная страница перечисляет факторы размера и указывает возможный учёт группы.","SME definition: main factors; group figures paragraph","fact","Medium","Не единое мировое определение; не определение клиентской базы конкретного банка; числовые пороги здесь не перенесены.","","BB02_primary_definition_checked"
"BB-C0016","Qonto во французской версии предлагает краткосрочные кредитные решения и финансирование через партнёров.","Qonto","France","PME и независимые предприниматели; допустимые формы кредита проверить отдельно","not_fully_disaggregated","screening_product","source_available_at_2026-10-06","BB-S0013","Qonto во французской версии предлагает краткосрочные кредитные решения и финансирование через партнёров.","Crédit direct; partenaires; conditions; pied de page ACPR","fact","Medium","Разделить юридических кредиторов и дату запуска; проверить допустимые формы; не переносить условия из Нидерландов. Наличие не доказывает использование и прибыль.","","bb03_primary_screen"
"BB-C0017","По проверенной официальной странице роль провайдера: Платежное учреждение Qonto; банковской лицензией не обозначать. Собственные краткосрочные решения и партнёрское финансирование; юридического кредитора каждого продукта уточнить.","Qonto","France","PME и независимые предприниматели; допустимые формы кредита проверить отдельно","not_fully_disaggregated","provider_and_credit_roles","source_available_at_2026-10-06","BB-S0013","Самоописание роли в продуктовой странице/раскрытии; договорные неизвестные сохранены.","Crédit direct; partenaires; conditions; pied de page ACPR","fact","Medium","Разделить юридических кредиторов и дату запуска; проверить допустимые формы; не переносить условия из Нидерландов. Не независимая юридическая проверка; неизвестная часть не считается установленным фактом.","","bb03_primary_screen"
"BB-C0018","Tide объединяет бизнес-счёт, инструменты финансового учёта и подбор финансирования.","Tide","United Kingdom","sole traders и limited companies — отдельные группы","not_fully_disaggregated","screening_product","source_available_at_2026-10-06","BB-S0014","Tide объединяет бизнес-счёт, инструменты финансового учёта и подбор финансирования.","Business account; finance tools; financing; footer","fact","Medium","Проверить юридического кредитора Credit Flex и прочих продуктов отдельно; не считать базу регистрации активной. Наличие не доказывает использование и прибыль.","","bb03_primary_screen"
"BB-C0019","По проверенной официальной странице роль провайдера: Tide — платформа; банковские счета предоставляет ClearBank. Подбор предложений кредиторов; собственное кредитование не доказано этим экраном.","Tide","United Kingdom","sole traders и limited companies — отдельные группы","not_fully_disaggregated","provider_and_credit_roles","source_available_at_2026-10-06","BB-S0014","Самоописание роли в продуктовой странице/раскрытии; договорные неизвестные сохранены.","Business account; finance tools; financing; footer","fact","Medium","Проверить юридического кредитора Credit Flex и прочих продуктов отдельно; не считать базу регистрации активной. Не независимая юридическая проверка; неизвестная часть не считается установленным фактом.","","bb03_primary_screen"
"BB-C0020","Mercury описывает бизнес-счета и финансовые рабочие процессы для стартапов и малого бизнеса.","Mercury","United States","стартапы и малые компании; формы допуска уточнить","not_fully_disaggregated","screening_product","source_available_at_2026-10-06","BB-S0015","Mercury описывает бизнес-счета и финансовые рабочие процессы для стартапов и малого бизнеса.","Is Mercury a real bank?; financial workflows","fact","Medium","Условное одобрение OCC в апреле 2026 не равно запуску банка; лицензирование перепроверить в BB-05. Наличие не доказывает использование и прибыль.","","bb03_primary_screen"
"BB-C0021","По проверенной официальной странице роль провайдера: Финтех; текущие банковские партнёры Choice Financial Group и Column N.A.. Карты и кредитные продукты требуют отдельных договоров и проверки эмитента.","Mercury","United States","стартапы и малые компании; формы допуска уточнить","not_fully_disaggregated","provider_and_credit_roles","source_available_at_2026-10-06","BB-S0015","Самоописание роли в продуктовой странице/раскрытии; договорные неизвестные сохранены.","Is Mercury a real bank?; financial workflows","fact","Medium","Условное одобрение OCC в апреле 2026 не равно запуску банка; лицензирование перепроверить в BB-05. Не независимая юридическая проверка; неизвестная часть не считается установленным фактом.","","bb03_primary_screen"
"BB-C0022","Allica предлагает Business Rewards Account и овердрафт с отдельными критериями допуска.","Allica Bank","United Kingdom","действующие компании; overdraft UK Ltd/LLP, остальные формы зависят от продукта","not_fully_disaggregated","screening_product","source_available_at_2026-10-06","BB-S0016","Allica предлагает Business Rewards Account и овердрафт с отдельными критериями допуска.","Eligibility; overdraft; regulatory footer","fact","Medium","Проверить запись регулятора и точную логику входных требований; групповые продукты не смешивать. Наличие не доказывает использование и прибыль.","","bb03_primary_screen"
"BB-C0023","По проверенной официальной странице роль провайдера: Allica Bank Limited — банк по собственному раскрытию PRA/FCA. Банковские кредиты; юридическое лицо некоторых групповых продуктов отличается.","Allica Bank","United Kingdom","действующие компании; overdraft UK Ltd/LLP, остальные формы зависят от продукта","not_fully_disaggregated","provider_and_credit_roles","source_available_at_2026-10-06","BB-S0016","Самоописание роли в продуктовой странице/раскрытии; договорные неизвестные сохранены.","Eligibility; overdraft; regulatory footer","fact","Medium","Проверить запись регулятора и точную логику входных требований; групповые продукты не смешивать. Не независимая юридическая проверка; неизвестная часть не считается установленным фактом.","","bb03_primary_screen"
"BB-C0024","Ramp объединяет корпоративные карты, расходы, платежи поставщикам и учётные процессы.","Ramp","United States","компании с корпоративными расходами; формы допуска пока не установлены","not_fully_disaggregated","screening_product","source_available_at_2026-10-06","BB-S0017","Ramp объединяет корпоративные карты, расходы, платежи поставщикам и учётные процессы.","Corporate cards; bill payments; issuer disclosures","fact","Medium","Сверить конкретную карточную программу и юридическую форму клиента; раскрытие эмитента не раскрывает распределение риска. Наличие не доказывает использование и прибыль.","","bb03_primary_screen"
"BB-C0025","По проверенной официальной странице роль провайдера: Финансовая программная платформа; эмитенты карт Celtic/Column/Sutton/Lead зависят от программы. Кредит по соответствующей карточной программе; не приписывать весь риск Ramp.","Ramp","United States","компании с корпоративными расходами; формы допуска пока не установлены","not_fully_disaggregated","provider_and_credit_roles","source_available_at_2026-10-06","BB-S0017","Самоописание роли в продуктовой странице/раскрытии; договорные неизвестные сохранены.","Corporate cards; bill payments; issuer disclosures","fact","Medium","Сверить конкретную карточную программу и юридическую форму клиента; раскрытие эмитента не раскрывает распределение риска. Не независимая юридическая проверка; неизвестная часть не считается установленным фактом.","","bb03_primary_screen"
"BB-C0026","Square описывает бизнес-кредиты с оценкой платёжной истории и погашением из продаж.","Square","United States","мерчанты; правовые формы кредитного допуска уточнить","not_fully_disaggregated","screening_product","source_available_at_2026-10-06","BB-S0018","Square описывает бизнес-кредиты с оценкой платёжной истории и погашением из продаж.","Eligibility; repayments; footnote 1","fact","Medium","Статус лицензии SFS отдельно; наличие предложения не означает выдачу или полезную экономику. Наличие не доказывает использование и прибыль.","","bb03_primary_screen"
"BB-C0027","По проверенной официальной странице роль провайдера: Платёжная экосистема; кредитор Square Financial Services Inc., дочерняя Block. Кредиты выдаёт Square Financial Services Inc..","Square","United States","мерчанты; правовые формы кредитного допуска уточнить","not_fully_disaggregated","provider_and_credit_roles","source_available_at_2026-10-06","BB-S0018","Самоописание роли в продуктовой странице/раскрытии; договорные неизвестные сохранены.","Eligibility; repayments; footnote 1","fact","Medium","Статус лицензии SFS отдельно; наличие предложения не означает выдачу или полезную экономику. Не независимая юридическая проверка; неизвестная часть не считается установленным фактом.","","bb03_primary_screen"
"BB-C0028","В финансовом центре Toast доступны инструменты денежного потока, счёт, оплата поставщиков и кредит.","Toast","United States","рестораны; правовые формы в справке не раскрыты","not_fully_disaggregated","screening_product","source_available_at_2026-10-06","BB-S0007","В финансовом центре Toast доступны инструменты денежного потока, счёт, оплата поставщиков и кредит.","Available Financial Products; footnotes 2/3","fact","Medium","Обновлено 2026-05-12; подключённые внешние счета не означают полноту данных; нет доказанной конверсии. Наличие не доказывает использование и прибыль.","","bb03_primary_screen"
"BB-C0029","По проверенной официальной странице роль провайдера: Ресторанная программная платформа; счёт Thread Bank. Toast Capital Loans выдаёт WebBank.","Toast","United States","рестораны; правовые формы в справке не раскрыты","not_fully_disaggregated","provider_and_credit_roles","source_available_at_2026-10-06","BB-S0007","Самоописание роли в продуктовой странице/раскрытии; договорные неизвестные сохранены.","Available Financial Products; footnotes 2/3","fact","Medium","Обновлено 2026-05-12; подключённые внешние счета не означают полноту данных; нет доказанной конверсии. Не независимая юридическая проверка; неизвестная часть не считается установленным фактом.","","bb03_primary_screen"
"BB-C0030","iwoca Germany предлагает онлайн-кредит для предприятий и самостоятельных предпринимателей.","iwoca","Germany","компании и самостоятельные предприниматели; сайт заявляет разные формы","not_fully_disaggregated","screening_product","source_available_at_2026-10-06","BB-S0009","iwoca Germany предлагает онлайн-кредит для предприятий и самостоятельных предпринимателей.","Kredittypen; Rechtsformen; application; footer","fact","Medium","Оператор сайта не обязательно договорный кредитор; реальные сроки и потери неизвестны. Наличие не доказывает использование и прибыль.","","bb03_primary_screen"
"BB-C0031","По проверенной официальной странице роль провайдера: Альтернативный кредитный провайдер; оператор iwoca Deutschland GmbH. Финансирование через iwoca; окончательного юридического кредитора установить по договору.","iwoca","Germany","компании и самостоятельные предприниматели; сайт заявляет разные формы","not_fully_disaggregated","provider_and_credit_roles","source_available_at_2026-10-06","BB-S0009","Самоописание роли в продуктовой странице/раскрытии; договорные неизвестные сохранены.","Kredittypen; Rechtsformen; application; footer","fact","Medium","Оператор сайта не обязательно договорный кредитор; реальные сроки и потери неизвестны. Не независимая юридическая проверка; неизвестная часть не считается установленным фактом.","","bb03_primary_screen"
"BB-C0032","YouLend описывает встроенное финансирование через партнёров и использование платёжных данных Open Banking.","YouLend","United Kingdom","малые и средние мерчанты; формы допуска проверить по партнёру","not_fully_disaggregated","screening_product","source_available_at_2026-10-06","BB-S0019","YouLend описывает встроенное финансирование через партнёров и использование платёжных данных Open Banking.","Who is YouLend for?; Open Banking; regulatory information","fact","Medium","MCA не приравнивать к банковскому кредиту; регулирование платежей не означает регулирование merchant financing. Наличие не доказывает использование и прибыль.","","bb03_primary_screen"
"BB-C0033","По проверенной официальной странице роль провайдера: YouLend Limited — платёжное учреждение по раскрытию; это не лицензия банковского кредитования. Merchant financing/MCA; платежи из продаж; договорную сущность проверить.","YouLend","United Kingdom","малые и средние мерчанты; формы допуска проверить по партнёру","not_fully_disaggregated","provider_and_credit_roles","source_available_at_2026-10-06","BB-S0019","Самоописание роли в продуктовой странице/раскрытии; договорные неизвестные сохранены.","Who is YouLend for?; Open Banking; regulatory information","fact","Medium","MCA не приравнивать к банковскому кредиту; регулирование платежей не означает регулирование merchant financing. Не независимая юридическая проверка; неизвестная часть не считается установленным фактом.","","bb03_primary_screen"
"BB-C0034","Stone описывает оборотное финансирование с предложением в приложении и удержанием части поступлений.","Stone","Brazil","мерчанты и PJ; условия отдельных форм уточнить","not_fully_disaggregated","screening_product","source_available_at_2026-10-06","BB-S0020","Stone описывает оборотное финансирование с предложением в приложении и удержанием части поступлений.","Como funciona; oferta; pagamento; footer","fact","Medium","Не называть Stone IP банком по слогану; удержания, гарантии и кредитора проверить в договоре. Наличие не доказывает использование и прибыль.","","bb03_primary_screen"
"BB-C0035","По проверенной официальной странице роль провайдера: Stone Instituição de Pagamento S.A. — платёжное учреждение в footer. Capital de Giro; юридический кредитор и фондирование пока не установлены.","Stone","Brazil","мерчанты и PJ; условия отдельных форм уточнить","not_fully_disaggregated","provider_and_credit_roles","source_available_at_2026-10-06","BB-S0020","Самоописание роли в продуктовой странице/раскрытии; договорные неизвестные сохранены.","Como funciona; oferta; pagamento; footer","fact","Medium","Не называть Stone IP банком по слогану; удержания, гарантии и кредитора проверить в договоре. Не независимая юридическая проверка; неизвестная часть не считается установленным фактом.","","bb03_primary_screen"
"BB-C0036","RazorpayX объединяет счета, массовые выплаты и автоматизацию payroll.","RazorpayX","India","предприятия с выплатами и payroll; формы уточнить","not_fully_disaggregated","screening_product","source_available_at_2026-10-06","BB-S0021","RazorpayX объединяет счета, массовые выплаты и автоматизацию payroll.","Current accounts; payouts; payroll; bank disclaimer","fact","Medium","На странице разные списки партнёров/повторяющиеся блоки; точный состав и доступность проверить по продукту, не объединять. Наличие не доказывает использование и прибыль.","","bb03_primary_screen"
"BB-C0037","По проверенной официальной странице роль провайдера: RazorpayX не банк; счета и корпоративные кредитные карты предоставляют банки. Партнёрские банковские продукты; условия оборотных займов требуют отдельного источника.","RazorpayX","India","предприятия с выплатами и payroll; формы уточнить","not_fully_disaggregated","provider_and_credit_roles","source_available_at_2026-10-06","BB-S0021","Самоописание роли в продуктовой странице/раскрытии; договорные неизвестные сохранены.","Current accounts; payouts; payroll; bank disclaimer","fact","Medium","На странице разные списки партнёров/повторяющиеся блоки; точный состав и доступность проверить по продукту, не объединять. Не независимая юридическая проверка; неизвестная часть не считается установленным фактом.","","bb03_primary_screen"
"BB-C0038","Австралийская версия Airwallex предлагает валютные счета, переводы, карты, расходы и оплату счетов.","Airwallex","Australia","международный бизнес; юридические формы допуска уточнить","not_fully_disaggregated","screening_product","source_available_at_2026-10-06","BB-S0022","Австралийская версия Airwallex предлагает валютные счета, переводы, карты, расходы и оплату счетов.","Business Accounts; Spend; AFSL footer","fact","Medium","Есть географически смешанный текст (например Canadian bills); не переносить любые условия без AU help/terms. Наличие не доказывает использование и прибыль.","","bb03_primary_screen"
"BB-C0039","По проверенной официальной странице роль провайдера: Финансовая платформа; заявлена AFSL 487221, не банковская лицензия. Собственный кредит не подтверждён проверенной AU-страницей; карты не автоматически кредитные.","Airwallex","Australia","международный бизнес; юридические формы допуска уточнить","not_fully_disaggregated","provider_and_credit_roles","source_available_at_2026-10-06","BB-S0022","Самоописание роли в продуктовой странице/раскрытии; договорные неизвестные сохранены.","Business Accounts; Spend; AFSL footer","fact","Medium","Есть географически смешанный текст (например Canadian bills); не переносить любые условия без AU help/terms. Не независимая юридическая проверка; неизвестная часть не считается установленным фактом.","","bb03_primary_screen"
"BB-C0040","Wise Business в UK предлагает международный бизнес-счёт и платёжные инструменты.","Wise Business","United Kingdom","международный бизнес; допустимые формы отдельной проверкой","not_fully_disaggregated","screening_product","source_available_at_2026-10-06","BB-S0023","Wise Business в UK предлагает международный бизнес-счёт и платёжные инструменты.","International business account; FCA footer","fact","Medium","US-статья 2024 прямо говорит об отсутствии кредита, но не доказывает состояние UK 2026; контрольный статус предварительный. Наличие не доказывает использование и прибыль.","","bb03_primary_screen"
"BB-C0041","По проверенной официальной странице роль провайдера: Wise Payments Limited — электронные деньги по раскрытию FCA. Контрольный кейс без подтверждённого собственного кредита; абсолютное отсутствие в UK требует проверки.","Wise Business","United Kingdom","международный бизнес; допустимые формы отдельной проверкой","not_fully_disaggregated","provider_and_credit_roles","source_available_at_2026-10-06","BB-S0023","Самоописание роли в продуктовой странице/раскрытии; договорные неизвестные сохранены.","International business account; FCA footer","fact","Medium","US-статья 2024 прямо говорит об отсутствии кредита, но не доказывает состояние UK 2026; контрольный статус предварительный. Не независимая юридическая проверка; неизвестная часть не считается установленным фактом.","","bb03_primary_screen"
"BB-C0042","Funding Circle UK предлагает бизнес-займы, FlexiPay и финансирование оборудования через партнёров.","Funding Circle","United Kingdom","limited companies и LLP — текущая страница","not_fully_disaggregated","screening_product","source_available_at_2026-10-06","BB-S0024","Funding Circle UK предлагает бизнес-займы, FlexiPay и финансирование оборудования через партнёров.","Explore products; limited company/LLP; asset finance","fact","Medium","Продажа US в 2024 не доказательство неработоспособности всей модели; US не считать текущим рынком группы. Наличие не доказывает использование и прибыль.","","bb03_primary_screen"
"BB-C0043","По проверенной официальной странице роль провайдера: Платформа бизнес-финансирования; роли юридических кредиторов уточнить по продукту. Term Loans и FlexiPay; asset finance через партнёров.","Funding Circle","United Kingdom","limited companies и LLP — текущая страница","not_fully_disaggregated","provider_and_credit_roles","source_available_at_2026-10-06","BB-S0024","Самоописание роли в продуктовой странице/раскрытии; договорные неизвестные сохранены.","Explore products; limited company/LLP; asset finance","fact","Medium","Продажа US в 2024 не доказательство неработоспособности всей модели; US не считать текущим рынком группы. Не независимая юридическая проверка; неизвестная часть не считается установленным фактом.","","bb03_primary_screen"
"BB-C0044","Funding Circle в результатах за 2024 год сообщает об успешной продаже US-бизнеса iBusiness Funding.","Funding Circle","United Kingdom|United States","businesses","product_specific","screening_control","FY2024","BB-S0025","Funding Circle в результатах за 2024 год сообщает об успешной продаже US-бизнеса iBusiness Funding.","Operational & Strategic Summary; sale of US business","fact","Medium","Не означает закрытие UK или доказательство провала модели; конкретную дату завершения уточнить.","","bb03_primary_screen"
"BB-C0045","Официальная US-статья Wise указывает, что кредит, овердрафт и займы не доступны через Wise.","Wise","United States","businesses","product_specific","screening_control","article_2024_available_at_2026-10-06","BB-S0026","Официальная US-статья Wise указывает, что кредит, овердрафт и займы не доступны через Wise.","Pros and cons; account options","fact","Medium","Историческая US-статья; не переносить автоматически на UK 2026. Поддержка предварительного контрольного кейса.","","bb03_primary_screen"
"BB-C0046","Tide в UK описывает доступ для sole traders и директоров limited companies с отраслевыми и структурными исключениями.","Tide","United Kingdom","businesses","product_specific","screening_control","current_page_at_access","BB-S0027","Tide в UK описывает доступ для sole traders и директоров limited companies с отраслевыми и структурными исключениями.","Who can open; restricted business types","fact","Medium","Допуск к счёту не означает кредитный допуск.","","bb03_primary_screen"
