company,country,path,entry,task,data,credit,account,risk,caveat,refs
Qonto,Франция,france/qonto,Счёт и работа со счетами поставщиков,Оплата закупки; документы бухгалтеру,Собственные операции и подключаемая история другого банка,PayLater рядом с оплатой поставщика,Счёт участвует в сделке и погашении; полная миграция оборота не доказана,Qonto SA названа провайдером PayLater; конечный риск и фондирование не установлены,"Функция подтверждена, кредитная прибыль и конверсия неизвестны",BB-C0054|BB-C0056|BB-C0063
Allica Bank,Великобритания,united_kingdom/allica,"Зрелый бизнес: счёт, овердрафт, банковские отношения",Основной расчётный счёт и доступ к ликвидности,Внешние счета и финансовые документы; собственный счёт до использования,Овердрафт: заявление можно начать до открытия BRA,BRA должен стать основным для UK-оборота до доступа к овердрафту,"Банк; смесь кредитов, депозитов и гарантийных механизмов",Прибыль банка не равна результату BRA или овердрафта,BB-C0070|BB-C0071|BB-C0074|BB-C0081
Tide,Великобритания,united_kingdom/tide,"Начало бизнеса, счёт и административные задачи","Учёт, счета, зарплата и управление деньгами",Транзакционные и реестровые сведения; часть задач доступна с внешним банком,Credit Flex после выполненного платежа; отдельно Funding Options,Flex пополняет Tide-счёт; внешняя панель допускает UK-счёт другого банка,Tide Capital III Limited отдельно от посреднической комиссии Funding Options,Members не активные компании; кредитная экономика не установлена,BB-C0085|BB-C0095|BB-C0096|BB-C0104|BB-C0112
Mercury,США,united_states/mercury,"Банковский сервис, расходы и финансовая работа","Платежи, бюджет, учёт и карты","Связанные внешние банки, торговые и учётные платформы",IO-only с внешним банком; Working Capital до открытия счёта на этапе оценки,IO-only early access; Working Capital требует счёт до выдачи,Финтех и отдельные банки-партнёры; продуктовые договоры различаются,Cash-linked карта не универсальный оборотный кредит; стартапы отдельный сегмент,BB-C0124|BB-C0126|BB-C0129|BB-C0131|BB-C0144
Ramp,США,united_states/ramp,"Расходы сотрудников, оплата поставщиков и бухгалтерский канал","Контроль расходов, счета поставщиков и сверка",Внешние банковские и бухгалтерские связи; ручные запросы сохраняются,Charge-card; cash-backed режимы отдельно; новая выдача Flex не проверена,Можно начать с внешнего банка; AP-only доступен в бухгалтерском канале,"Карточная программа, Checking и инвестиции имеют разные роли",Связь использования с ростом клиента не доказывает причинность,BB-C0149|BB-C0158|BB-C0159|BB-C0167|BB-C0173
Square,США,united_states/square,Приём платежей и операционное ПО,"Выручка, резервы, оплата счетов",Платёжная история; внешние банковские сведения могут дополнить,Приглашение; фиксированная плата и погашение из продаж с обязательными минимумами,Выдача во внешний банк допустима; Checking не обязателен для Loans,Кредитная и платёжная роли различаются; продажа кредитов не доказывает нулевой риск,Рост предложений не равен выдачам; пределы помощи и тарифа расходятся,BB-C0176|BB-C0179|BB-C0184|BB-C0187|BB-C0208
Toast,США,united_states/toast,Ресторанное ПО и обработка платежей,"Управление рестораном, выручка и платежи поставщикам",Обработанные платежи; Welcome использует внешние данные до запуска,Capital; Welcome после подключения; Conditional Approval с одной выдачей,Стандартный Capital не требует Toast Checking; Bill Pay требует,"WebBank; у Toast остаются обслуживание, выкуп и часть портфельной экспозиции",Conditional Approval не возобновляемая линия; карточный запуск не подтверждён,BB-C0209|BB-C0220|BB-C0226|BB-C0228|BB-C0231|BB-C0234
iwoca,Германия,germany/iwoca,Потребность в финансировании напрямую или через партнёра,Получить и повторно использовать ликвидность,История внешнего банка через TrueLayer либо документы,Отдельный кредит; немецкая револьверная линия с июня,Банковский счёт у iwoca не открывается,GmbH — интерфейс/посредничество; кредитор определяется партнёрским договором,Прибыль группы UK+DE не доказывает результат немецкой линии,BB-C0241|BB-C0243|BB-C0251|BB-C0259|BB-C0260
YouLend,Великобритания,united_kingdom/youlend,Предложение в партнёрском сервисе,Финансирование оборота и повторная ликвидность,"Внешний банк, данные партнёра и документы; программы различаются",Выручка-зависимое финансирование; способы погашения зависят от программы,Внешний nominated bank допустим; технический счёт не собственное РКО клиента,"Платформа, партнёр и фондирующие структуры; договор конкретной программы",Партнёрская доступность не доказывает дополнительную конверсию или низкие потери,BB-C0270|BB-C0281|BB-C0283
Stone,Бразилия,brazil/stone,Эквайринг и обслуживание торговца,"Приём выручки, счёт и доступ к лимиту","Платёжные операции, счёт и права на поступления",Предложения займа/линии; гарантийные программы для разных групп,Счёт и индивидуальный допуск участвуют в документированных предложениях,Платёжная организация и кредитные структуры раздельны; гарантии не прощают долг,Рост просрочки и изменение гарантийной смеси ограничивают вывод о качестве,BB-C0297|BB-C0299|BB-C0304|BB-C0309|BB-C0314
RazorpayX,Индия,india/razorpayx,"Зарплата, выплаты и финансовая работа","Payroll, поставщики, налоговые и учётные действия",Внешнее пополнение Payroll; партнёрский current account подключается отдельно,Карточные программы RBL/YES по разным правилам; текущая выдача LoC не подтверждена,Payroll может быть первым шагом; не все функции работают с любым внешним банком,Партнёрский банк принимает финальное решение; FD-secured путь отдельно,Beta-агент готовит действие с человеческим OTP; не автономный платёж,BB-C0327|BB-C0329|BB-C0337|BB-C0339|BB-C0340|BB-C0344
Airwallex,Австралия,australia/airwallex,Международные расчёты и управление расходами,"Получение денег, оплаты и командные расходы","Wallet, Global Accounts, документы и внешнее пополнение",Обычная карта дебетовая; кредитная программа из API не равна общедоступному кредиту,Global Accounts и wallet не банковские депозиты,"Платёжная, карточная и инвестиционная функции раздельны; Wayflyer — партнёр",Многопродуктовая выручка не доля клиентов; T:0 US не переносится в AU,BB-C0353|BB-C0358|BB-C0362|BB-C0365|BB-C0370|BB-C0373|BB-C0378|BB-C0380
Wise,Великобритания,united_kingdom/wise,Международный платёж и получение оплаты,"Счета покупателям, подготовка платежей, бюджеты и команда",Операции и документы; внешний банк может финансировать перевод,Wise Account прямо исключает кредит и овердрафт,"EMI, а не банковский депозит; полная миграция основного банка не нужна для старта",Wise Payments Limited; Interest — инвестиция с риском капитала,Приём карт новым бизнес-клиентом ограничен справкой вопреки витрине,BB-C0383|BB-C0384|BB-C0388|BB-C0390|BB-C0392
Funding Circle,Великобритания,united_kingdom/funding_circle,Срочный кредит или доступ к повторному финансированию,"Финансировать поставщика, карту или собственный счёт","Внешние счета, реестровые сведения и документы",Term Loans отдельно от FlexiPay/Card; продуктовые обязательства различаются,Собственное депозитное РКО платформы не установлено; внешний банк участвует,Кредитор по договору; собственная экспозиция и фондирующие сделки сохраняются,"H1: Term прибыльный, FlexiPay/Card убыточны; ИП/партнёрства исключены из новых Term",BB-C0400|BB-C0405|BB-C0407|BB-C0409|BB-C0411|BB-C0412
