"feature_id","company","geography","customer_segment","legal_form","customer_need","product","feature","availability","eligibility","pricing","launch_or_change_date","novelty_status","source_ids","claim_ids","adoption_metric_ids","outcome_claim_ids","effect_status","limitations"
"BB-F0001","Qonto","France","businesses","product_specific","Оплатить поставщика при кассовом разрыве","PayLater","Финансирование в платёжном процессе","partial","Французский бизнес; риск-отбор; исключены SCI/associations","Индивидуальная стоимость до подтверждения","","launch_date_unknown","BB-S0028|BB-S0029","BB-C0054","","","unmeasured","Доступность документирована; использование и причинный эффект не установлены."
"BB-F0002","Qonto","France","businesses","product_specific","Передать уже накопленную банковскую историю","PayLater","Подключить внешний счёт для оценки","partial","Eligible role; допускаемый банк и согласие отдельно","unknown","","launch_date_unknown","BB-S0028|BB-S0029","BB-C0056","","","unmeasured","Доступность документирована; использование и причинный эффект не установлены."
"BB-F0003","Qonto","France","businesses","product_specific","Повторно оплатить закупку","PayLater","Восстановление доступного лимита после погашения","partial","При сохранении допуска","Индивидуальная цена каждого использования","","launch_date_unknown","BB-S0029","BB-C0059","","","unmeasured","Доступность документирована; использование и причинный эффект не установлены."
"BB-F0004","Qonto","France","businesses","product_specific","Подготовить учёт и документы с бухгалтером","Espace Qontable","Единое пространство бухгалтера; OCR с проверкой","partial","Роль Comptable; приглашение клиента; web","Зависит от плана и модуля","","document_updated_2026_launch_unknown","BB-S0037","BB-C0053","","","unmeasured","Доступность документирована; использование и причинный эффект не установлены."
"BB-F0005","Allica Bank","United Kingdom","businesses","product_specific","Перенести основные платежи","BRA","CASS и персональный менеджер","partial","Критерии BRA; CASS по правилам сервиса","Нулевая плата не безусловна; сверить тариф","","launch_date_unknown","BB-S0052|BB-S0016","BB-C0068","","","unmeasured","Доступность документирована; использование и причинный эффект не установлены."
"BB-F0006","Allica Bank","United Kingdom","businesses","product_specific","Разделить операционные деньги и сбережения","BRA/Savings Pot","Связанная сберегательная часть","partial","Клиент BRA","Текущую ставку не берём из старого KPI","","launch_date_unknown","BB-S0042","BB-C0067","","","unmeasured","Доступность документирована; использование и причинный эффект не установлены."
"BB-F0007","Allica Bank","United Kingdom","businesses","product_specific","Короткий кассовый разрыв","Overdraft","Возобновляемый овердрафт на основном счёте","partial","UK Ltd/LLP; отбор; BRA как основной счёт","Комиссия лимита и проценты на использование","","upgraded_in_2025_per_company","BB-S0038|BB-S0040|BB-S0041","BB-C0072","","","unmeasured","Доступность документирована; использование и причинный эффект не установлены."
"BB-F0008","Allica Bank","United Kingdom","businesses","product_specific","Связать учёт и корпоративные расходы","BRA","QuickBooks и expense cards","partial","Условия подключения и действующие планы отдельно","unknown","","reported_2025_enhancement","BB-S0043","BB-C0080","","","unmeasured","Доступность документирована; использование и причинный эффект не установлены."
"BB-F0009","Tide","United Kingdom","product_specific_SME","product_specific","Начать бизнес и получить счёт","company_formation","Регистрация и документы вместе с предложением счёта","yes","UK limited company; onboarding","BB-M0031–0034; условия подписки отдельно","","mature_or_launch_date_unknown","BB-S0054","BB-C0086|BB-C0087","","","offered_effect_unmeasured","Наличие подтверждено; adoption/эффект по сопоставимой когорте unknown. Доступ не одинаков у всех членов."
"BB-F0010","Tide","United Kingdom","product_specific_SME","product_specific","Управлять внешними операциями без переноса РКО","connected_accounts","Подключение чужого банка, остаток и история","yes","account holder; supported bank; consent","Подключение бесплатно по странице; доступ к отдельным функциям отдельно","","mature_or_launch_date_unknown","BB-S0058|BB-S0059","BB-C0093|BB-C0094|BB-C0085","","","offered_effect_unmeasured","Наличие подтверждено; adoption/эффект по сопоставимой когорте unknown. Доступ не одинаков у всех членов."
"BB-F0011","Tide","United Kingdom","product_specific_SME","product_specific","Регулярный учёт, счета и бухгалтер","accounting","Категоризация, сверка, отчёты и бухгалтерский доступ","yes","sole trader/limited company; tax-scheme exclusions","BB-M0040–0042; +VAT","","mature_or_launch_date_unknown","BB-S0056","BB-C0090|BB-C0091","","","offered_effect_unmeasured","Наличие подтверждено; adoption/эффект по сопоставимой когорте unknown. Доступ не одинаков у всех членов."
"BB-F0012","Tide","United Kingdom","product_specific_SME","product_specific","Отправлять Income Tax отчётность","MTD","Бесплатные MTD-инструменты с банковскими данными","yes","sole_trader; Income Tax scenario","Бесплатное предложение; не VAT-возможности","","offered_exact_launch_date_unknown","BB-S0057","BB-C0092","","","offered_effect_unmeasured","Наличие подтверждено; adoption/эффект по сопоставимой когорте unknown. Доступ не одинаков у всех членов."
"BB-F0013","Tide","United Kingdom","product_specific_SME","product_specific","Восстановить остаток после платежа","Credit_Flex","Выбор кредита в контексте текущего/прошлого платежа","yes","eligible Tide member; own funds; personal guarantee","BB-M0043–0047; exact schedule in app","2026-07-13","terms_changed_card_activation_documented_not_rollout_verified","BB-S0060|BB-S0061","BB-C0095|BB-C0096|BB-C0097|BB-C0098","","","offered_effect_unmeasured","Наличие подтверждено; adoption/эффект по сопоставимой когорте unknown. Доступ не одинаков у всех членов."
"BB-F0014","Tide","United Kingdom","product_specific_SME","product_specific","Найти кредит вне единственного кредитора","Funding_Options","Подбор внешнего финансирования и передача заявки","yes","UK business/bank account; lender-specific","Клиент не платит за broker service; lender commission disclosed","","mature_or_launch_date_unknown","BB-S0062|BB-S0063","BB-C0103|BB-C0104|BB-C0105","","","offered_effect_unmeasured","Наличие подтверждено; adoption/эффект по сопоставимой когорте unknown. Доступ не одинаков у всех членов."
"BB-F0015","Tide","United Kingdom","product_specific_SME","product_specific","Платить зарплату и дивиденды директору","payroll_dividends","Документы по дивидендам и выплаты рядом с payroll","yes","limited company; payroll customer","Стоимость конкретного подключения требует текущих условий; не импортирован старый релизный тариф","2026-05-06","announced_launch_2026_current_access_not_observed","BB-S0076","BB-C0110","","","offered_effect_unmeasured","Наличие подтверждено; adoption/эффект по сопоставимой когорте unknown. Доступ не одинаков у всех членов."
"BB-F0016","Mercury","United States","product_specific_US_business","US_company","Платежи и разграничение денег","business_account","Separate accounts, transfers, approval rules, OCR","current_official_offer","product_specific_review","Base0;optional_fees","","launch_date_unknown","BB-S0091|BB-S0092","BB-C0122|BB-C0123","","","not_measured","Availability по первичному описанию; adoption/outcome metrics отсутствуют."
"BB-F0017","Mercury","United States","product_specific_US_business","US_company","Корпоративные траты","IO_standard","Daily access and transition to monthly","eligible_businesses_review","product_specific_review","annual0;FX3%;cashback1.5","","current_policy_change_date_not_verified_in_feature_sources","BB-S0084|BB-S0081","BB-C0124|BB-C0128","","","not_measured","Availability по первичному описанию; adoption/outcome metrics отсутствуют."
"BB-F0018","Mercury","United States","product_specific_US_business","US_company","Контроль расходов без смены банка","IO_only","External-account underwriting and autopay","early_access_contact_sales","product_specific_review","annual0;FX_fee;no_interest_if_full_monthly_pay","","launch_date_unknown","BB-S0079|BB-S0081","BB-C0126|BB-C0127|BB-C0128","","","not_measured","Availability по первичному описанию; adoption/outcome metrics отсутствуют."
"BB-F0019","Mercury","United States","product_specific_US_business","US_company","Оборотное финансирование ecommerce","Working_Capital","Connect banks, shops and accounting; credit before bank account","US_ecommerce_ex_CA","product_specific_review","individual_flat_fee_not_APR","","launch_date_unknown","BB-S0080|BB-S0093","BB-C0129|BB-C0130|BB-C0131|BB-C0132","","","not_measured","Availability по первичному описанию; adoption/outcome metrics отсутствуют."
"BB-F0020","Mercury","United States","product_specific_US_business","US_company","Runway после VC round","Venture_Debt","VC-led term loan with individual diligence","VC_funded_startups_ex_CA","product_specific_review","individual_terms","","launch_date_unknown","BB-S0087|BB-S0080","BB-C0133|BB-C0118","","","not_measured","Availability по первичному описанию; adoption/outcome metrics отсутствуют."
"BB-F0021","Mercury","United States","product_specific_US_business","US_company","Выполнять финансовые задачи из одного диалога","Command","Actions with explicit human approval and source traceability","rollout_announced;current_official_offer","product_specific_review","not_separately_verified","2026-06","launched_2026","BB-S0085|BB-S0095|BB-S0096","BB-C0134|BB-C0135","","","not_measured","Availability по первичному описанию; adoption/outcome metrics отсутствуют."
"BB-F0022","Mercury","United States","product_specific_US_business","US_company","Учёт вместе с операциями","Books","Double-entry, external connections, advisor access","Mercury_business_account_required","product_specific_review","35_USD_month;conditional_2026_waiver","2026-09-16","launched_2026","BB-S0086|BB-S0097","BB-C0136|BB-C0137","","","not_measured","Availability по первичному описанию; adoption/outcome metrics отсутствуют."
"BB-F0023","Mercury","United States","product_specific_US_business","US_company","Бюджеты сотрудников и сбор чеков","Spend","Budgets, merchant controls, receipt enforcement","live_announced_for_business_customers","product_specific_review","plan_conditions_not_verified","2026-08-11","launched_2026","BB-S0098","BB-C0138","","","not_measured","Availability по первичному описанию; adoption/outcome metrics отсутствуют."
"BB-F0024","Mercury","United States","product_specific_US_business","US_company","Расходы автономных программ","Agent_Cards","Human-approved agent cards with controls","live_announced;contract_has_API_MCP_creation","product_specific_review","underlying_card_terms","2026-08-11","launched_2026","BB-S0098|BB-S0081","BB-C0139","","","not_measured","Availability по первичному описанию; adoption/outcome metrics отсутствуют."
