feature_id,company,geography,feature,availability,launch_or_change_date,novelty_status,claim_ids,source_ids,effect_status,limitations
BB-F0013,Tide,United Kingdom,Выбор кредита в контексте текущего/прошлого платежа,yes,2026-07-13,terms_changed_card_activation_documented_not_rollout_verified,BB-C0095|BB-C0096|BB-C0097|BB-C0098,BB-S0060|BB-S0061,offered_effect_unmeasured,Наличие подтверждено; adoption/эффект по сопоставимой когорте unknown. Доступ не одинаков у всех членов.
BB-F0015,Tide,United Kingdom,Документы по дивидендам и выплаты рядом с payroll,yes,2026-05-06,announced_launch_2026_current_access_not_observed,BB-C0110,BB-S0076,offered_effect_unmeasured,Наличие подтверждено; adoption/эффект по сопоставимой когорте unknown. Доступ не одинаков у всех членов.
BB-F0021,Mercury,United States,Actions with explicit human approval and source traceability,rollout_announced;current_official_offer,2026-06,launched_2026,BB-C0134|BB-C0135,BB-S0085|BB-S0095|BB-S0096,not_measured,Availability по первичному описанию; adoption/outcome metrics отсутствуют.
BB-F0022,Mercury,United States,"Double-entry, external connections, advisor access",Mercury_business_account_required,2026-09-16,launched_2026,BB-C0136|BB-C0137,BB-S0086|BB-S0097,not_measured,Availability по первичному описанию; adoption/outcome metrics отсутствуют.
BB-F0023,Mercury,United States,"Budgets, merchant controls, receipt enforcement",live_announced_for_business_customers,2026-08-11,launched_2026,BB-C0138,BB-S0098,not_measured,Availability по первичному описанию; adoption/outcome metrics отсутствуют.
BB-F0024,Mercury,United States,Human-approved agent cards with controls,live_announced;contract_has_API_MCP_creation,2026-08-11,launched_2026,BB-C0139,BB-S0098|BB-S0081,not_measured,Availability по первичному описанию; adoption/outcome metrics отсутствуют.
BB-F0030,Ramp,United States,Учёт для бухгалтерской фирмы и клиентов вне Ramp,launched_2026_documented,2026-06-03,launched_2026,BB-C0161,BB-S0118,not_measured,"Availability/announcement не adoption или outcome; измеренные CAC, retention, conversion и profit отсутствуют."
BB-F0031,Ramp,United States,Договор в черновик инвойса; согласуемые напоминания; сверка поступлений,launched_2026_documented,2026-09-22,launched_2026,BB-C0164|BB-C0157,BB-S0119|BB-S0103,not_measured,"Availability/announcement не adoption или outcome; измеренные CAC, retention, conversion и profit отсутствуют."
BB-F0035,Ramp,United States,Историческое финансирование оплаты поставщику,historical_2022;current_new_origination_unverified,2022-08-23,historical_not_new,BB-C0167|BB-C0168,BB-S0122|BB-S0110|BB-S0099|BB-S0125,not_measured,"Availability/announcement не adoption или outcome; измеренные CAC, retention, conversion и profit отсутствуют."
BB-F0038,Square,United States,New/seasonal shorter offers,announced March27; some merchants eligible,2026-03-27,2026_change_verified,BB-C0189|BB-C0180,BB-S0151,availability_confirmed_adoption_and_causal_effect_unknown,"Наличие/релиз не доказывает конверсию, retention, экономию или прибыль."
BB-F0043,Square,United States,OCR and credit-funded ACH/check,activated Payment Services; funding charges,2026-08-11,2026_change_verified,BB-C0196|BB-C0197,BB-S0146|BB-S0144,availability_confirmed_adoption_and_causal_effect_unknown,"Наличие/релиз не доказывает конверсию, retention, экономию или прибыль."
BB-F0044,Square,United States,Draft and approval,supported US segments; open beta,2026-04-28,2026_change_verified,BB-C0199|BB-C0199,BB-S0148|BB-S0149|BB-S0150,availability_confirmed_adoption_and_causal_effect_unknown,"Наличие/релиз не доказывает конверсию, retention, экономию или прибыль."
BB-F0046,Square,United States,Expansion Capital,pilot; eligible multilocation; partner conditions,2026-05-28,2026_change_verified,BB-C0201|BB-C0201,BB-S0152,availability_confirmed_adoption_and_causal_effect_unknown,"Наличие/релиз не доказывает конверсию, retention, экономию или прибыль."
BB-F0056,Toast,United States,Forecast and scheduling agent,announced2026-10-06_beta_agent,2026-10-06,dated_launch_or_change,BB-C0235,BB-S0181|BB-S0183,earlier_related_product_company_study_not_new_bundle_causal_effect,No documented feature→credit profit uplift; eligibility/beta preserved.
BB-F0057,Toast,United States,Human marketing + AI drafts,current_bundle_some_agents_beta,2026-05-05,dated_launch_or_change,BB-C0236,BB-S0184|BB-S0185|BB-S0181,earlier_related_product_company_study_not_new_bundle_causal_effect,No documented feature→credit profit uplift; eligibility/beta preserved.
BB-F0061,iwoca,Germany,Repaid amount reusable within approved window,partial,2026-06-05,dated_DE_launch,BB-C0251,BB-S0200|BB-S0209,unknown,Use and causal credit net economics not disclosed; limit/renewal conflicts preserved.
BB-F0065,iwoca,Germany,DE new sector partners,yes,2026-01-27,dated_DE_launch,BB-C0257,BB-S0206,unknown,Use and causal credit net economics not disclosed; limit/renewal conflicts preserved.
BB-F0070,YouLend,UK-specific partner or UK-supported documentation;InstantPayoutsUK unverified,Preapproved draw funding priced per draw,yes,2023-11-08,dated_UK_partner_launch,BB-C0281,BB-S0241|BB-S0240,unknown,No measured UK cohort causal profitability;FFL2023 not2026 novelty;InstantPayouts rollout gap.
BB-F0073,YouLend,UK-specific partner or UK-supported documentation;InstantPayoutsUK unverified,ANNA embedded prequalified entry,yes,2026-09-23,dated_UK_partner_launch,BB-C0283,BB-S0239,unknown,No measured UK cohort causal profitability;FFL2023 not2026 novelty;InstantPayouts rollout gap.
BB-F0082,Stone,Brazil,FGI/FGBS/FAMPE eligibility-specific offer,partial,Q2 2026 newly introduced guarantee mix,new_verified,BB-C0314,BB-S0269|BB-S0270|BB-S0271,hypothesis;adoption_and_causal_effect_unknown,Offering not measured use; active client/product scope and guarantees separate.
BB-F0090,RazorpayX,India,ConversationalpreparationwithhumanOTP,beta,2026-06-01 beta;Marchblogearlier,new_verified,BB-C0337,BB-S0296|BB-S0297,adoption_and_causal_effect_unknown,Commercialofferingnotverifiedusage/retention/creditprofit;bank andversion scope retained.
BB-F0091,RazorpayX,India,UnsecuredpolicyorFDsecuredcard,partial,2025-06 cardlaunch,established_verified,BB-C0339,BB-S0301|BB-S0300,adoption_and_causal_effect_unknown,Commercialofferingnotverifiedusage/retention/creditprofit;bank andversion scope retained.
BB-F0092,RazorpayX,India,PGpolicyorfinancialsalonecreditroute,partial,2025-06 cardlaunch,established_verified,BB-C0340,BB-S0302,adoption_and_causal_effect_unknown,Commercialofferingnotverifiedusage/retention/creditprofit;bank andversion scope retained.
BB-F0099,Airwallex,Australia,Проверка расходной политики,yes,2026-01-22 global announcement;AU first rollout unknown,new_verified,BB-C0370|BB-C0378,BB-S0338|BB-S0336|BB-S0337,not_proven,"Availability does not establish activation, lending conversion or profitability;country/program scope retained."
BB-F0111,Wise,United Kingdom,Загрузка документа в черновик,yes,2026-07-21,documented_as_new; launch exact date unknown,BB-C0390,BB-S0359,not_proven,Использование отдельной функции и причинный эффект не раскрыты.
BB-F0112,Wise,United Kingdom,Пересылка счета на email,yes,2026-07-21,documented_as_new; launch exact date unknown,BB-C0390,BB-S0359,not_proven,Использование отдельной функции и причинный эффект не раскрыты.
BB-F0127,Funding Circle,United Kingdom,Условные переводы Business Credit Card,partial,2026-10-01,new_terms_product_specific,BB-C0412,BB-S0379,not_proven,Использование отдельной функции и причинный эффект не раскрыты.
