"journey_step_id","scenario_id","company","geography","customer_segment","legal_form","new_or_existing","channel","product","stage","step_order","customer_action","required_data","data_connection","consent","waiting_time","result","support_path","evidence_type","source_ids","claim_ids","screen_ids","limitations"
"BB-J0001","BB-QFR-01","Qonto","France","existing_registered_business","product_specific","new","direct","account","opening","1","Выбрать France и тип бизнеса; найти компанию; указать представителя","Идентификатор бизнеса; личность; компания/бенефициары","Реестровый поиск компании","По условиям; точный текст согласия не получен","not_measured","Заявка и выбранный план/карта","Официальная поддержка/персональный менеджер","officially_documented","BB-S0032|BB-S0031","BB-C0050","","Путь документирован, не пройден; время и конверсия неизвестны."
"BB-J0002","BB-QFR-01","Qonto","France","existing_registered_business","product_specific","new_or_existing","direct","account","operation_transfer","2","Пополнить счёт после получения IBAN","IBAN и средства","Перевод или разрешённое пополнение картой","По условиям; точный текст согласия не получен","not_measured","Деньги на счёте; ещё не доказанная полезная активность","Официальная поддержка/персональный менеджер","officially_documented","BB-S0032","BB-C0050","","Путь документирован, не пройден; время и конверсия неизвестны."
"BB-J0003","BB-QFR-01","Qonto","France","existing_registered_business","product_specific","new_or_existing","direct","supplier_payment","first_useful_operation","3","Загрузить реальный счёт поставщика для оплаты","Счёт/проформа; реквизиты","Импорт счёта","По условиям; точный текст согласия не получен","not_measured","Платёжная задача; завершение не наблюдалось","Официальная поддержка/персональный менеджер","officially_documented","BB-S0029","BB-C0058","","Путь документирован, не пройден; время и конверсия неизвестны."
"BB-J0004","BB-QFR-01","Qonto","France","existing_registered_business","product_specific","new_or_existing","direct","accountant_workspace","regular_workflow","4","Предоставить бухгалтеру доступ к документам/операциям","Роль и приглашение","Учётные экспорты и документы","По условиям; точный текст согласия не получен","not_measured","Подготовка учёта с ручной проверкой","Официальная поддержка/персональный менеджер","officially_documented","BB-S0037","BB-C0053","","Путь документирован, не пройден; время и конверсия неизвестны."
"BB-J0005","BB-QFR-02","Qonto","France","existing_registered_business","product_specific","new_or_existing","direct","PayLater","credit_offer","1","Открыть Credit/PayLater либо финансирование счёта","Риск-критерии; профиль компании","Собственные и внешние данные","По условиям; точный текст согласия не получен","not_measured","Доступное предложение или недопуск","Официальная поддержка/персональный менеджер","officially_documented","BB-S0028|BB-S0029","BB-C0054","BB-V0001|BB-V0002","Путь документирован, не пройден; время и конверсия неизвестны."
"BB-J0006","BB-QFR-02","Qonto","France","existing_registered_business","product_specific","new_or_existing","direct","PayLater","data_connection","2","При желании подключить внешний банковский счёт","Банковский доступ/согласие; условия подключения отдельно","Агрегация","По условиям; точный текст согласия не получен","not_measured","Возможна повторная оценка; рост лимита не гарантирован","Официальная поддержка/персональный менеджер","officially_documented","BB-S0028|BB-S0029","BB-C0056","","Путь документирован, не пройден; время и конверсия неизвестны."
"BB-J0007","BB-QFR-02","Qonto","France","existing_registered_business","product_specific","new_or_existing","direct","PayLater","offer_signing","3","Проверить расчёт и подписать договор","Счёт; расчёт расходов; график","Импорт счёта/SEPA","По условиям; точный текст согласия не получен","not_measured","Подписанное финансирование конкретной закупки","Официальная поддержка/персональный менеджер","officially_documented","BB-S0028|BB-S0029","BB-C0058","","Путь документирован, не пройден; время и конверсия неизвестны."
"BB-J0008","BB-QFR-02","Qonto","France","existing_registered_business","product_specific","new_or_existing","direct","PayLater","disbursement","4","Подтвердить оплату поставщика","Подписанный договор; получатель","SEPA","По условиям; точный текст согласия не получен","not_measured","Кредитование суммы счёта и платёж поставщику","Официальная поддержка/персональный менеджер","officially_documented","BB-S0028","BB-C0058","","Путь документирован, не пройден; время и конверсия неизвестны."
"BB-J0009","BB-QFR-02","Qonto","France","existing_registered_business","product_specific","new_or_existing","direct","PayLater","servicing_repeat_distress","5","Поддерживать деньги для погашения; контролировать лимит","График; достаточные средства","Автосписание со счёта","По условиям; точный текст согласия не получен","not_measured","Погашение/доступный лимит либо ограничения при просрочке","Официальная поддержка/персональный менеджер","officially_documented","BB-S0029|BB-S0030","BB-C0062","","Путь документирован, не пройден; время и конверсия неизвестны."
"BB-J0010","BB-AUK-01","Allica Bank","United Kingdom","existing_registered_business","product_specific","new","direct","BRA","opening","1","Проверить критерии и подать заявку на BRA","Компания; возраст; баланс или кредитный продукт; точный KYB-пакет неизвестен","unknown","По условиям; точный текст согласия не получен","not_measured","Рассмотрение и счёт при одобрении","Официальная поддержка/персональный менеджер","officially_documented","BB-S0042","BB-C0066","","Путь документирован, не пройден; время и конверсия неизвестны."
"BB-J0011","BB-AUK-01","Allica Bank","United Kingdom","existing_registered_business","product_specific","new_or_existing","direct","BRA","operation_transfer","2","Запросить перенос основного счёта через CASS","Условия сервиса/права распоряжения","CASS","По условиям; точный текст согласия не получен","not_measured","Перенос платежей по правилам; конкретный успех не измерен","Официальная поддержка/персональный менеджер","officially_documented","BB-S0052","BB-C0068","","Путь документирован, не пройден; время и конверсия неизвестны."
"BB-J0012","BB-AUK-01","Allica Bank","United Kingdom","existing_registered_business","product_specific","new_or_existing","direct","BRA","first_useful_operation","3","Выполнить внешнюю оплату со счёта","Получатель; остаток","Electronic transfer","По условиям; точный текст согласия не получен","not_measured","Платёжная операция; не факт активности всей базы","Официальная поддержка/персональный менеджер","officially_documented","BB-S0042","BB-C0067","","Путь документирован, не пройден; время и конверсия неизвестны."
"BB-J0013","BB-AUK-01","Allica Bank","United Kingdom","existing_registered_business","product_specific","new_or_existing","direct","Savings_Pot","regular_workflow","4","Разделять расчётные деньги и Savings Pot; работать с менеджером","Счёт BRA; доступ к Savings","Внутри сервиса","По условиям; точный текст согласия не получен","not_measured","Управление остатками; эффект неизвестен","Официальная поддержка/персональный менеджер","officially_documented","BB-S0042|BB-S0052","BB-C0067","","Путь документирован, не пройден; время и конверсия неизвестны."
"BB-J0014","BB-AUK-02","Allica Bank","United Kingdom","existing_registered_business","product_specific","new_or_existing","direct","overdraft","credit_application","1","Подать заявление, в том числе до открытия BRA","Профиль компании; внешние счета/документы","Bank account connection","По условиям; точный текст согласия не получен","not_measured","Заявка на оценку","Официальная поддержка/персональный менеджер","officially_documented","BB-S0039|BB-S0040","BB-C0071","","Путь документирован, не пройден; время и конверсия неизвестны."
"BB-J0015","BB-AUK-02","Allica Bank","United Kingdom","existing_registered_business","product_specific","new_or_existing","direct","overdraft","decision","2","Ответить на дополнительные запросы и дождаться решения","Дополнительные сведения по запросу","unknown","По условиям; точный текст согласия не получен","not_measured","Решение; автоматизация/ожидание не раскрыты","Официальная поддержка/персональный менеджер","officially_documented","BB-S0040","BB-C0071","","Путь документирован, не пройден; время и конверсия неизвестны."
"BB-J0016","BB-AUK-02","Allica Bank","United Kingdom","existing_registered_business","product_specific","new_or_existing","direct","overdraft","offer_signing","3","Подписать итоговые документы/Offer Letter","Индивидуальные условия и обеспечение","Документы на подпись","По условиям; точный текст согласия не получен","not_measured","Условия соглашения с Allica Bank Limited","Официальная поддержка/персональный менеджер","officially_documented","BB-S0040|BB-S0041","BB-C0065","","Путь документирован, не пройден; время и конверсия неизвестны."
"BB-J0017","BB-AUK-02","Allica Bank","United Kingdom","existing_registered_business","product_specific","new_or_existing","direct","overdraft","account_activation","4","Открыть/активировать BRA как основной счёт","Основной счёт для UK оборота","BRA","По условиям; точный текст согласия не получен","not_measured","Доступ к овердрафту","Официальная поддержка/персональный менеджер","officially_documented","BB-S0039|BB-S0038|BB-S0040","BB-C0070","","Путь документирован, не пройден; время и конверсия неизвестны."
"BB-J0018","BB-AUK-02","Allica Bank","United Kingdom","existing_registered_business","product_specific","new_or_existing","direct","overdraft","servicing_repeat_distress","5","Использовать в лимите, погашать и проходить пересмотр","Остаток задолженности; лимит; обеспечение","BRA","По условиям; точный текст согласия не получен","not_measured","Проценты на использование; продление не гарантировано","Официальная поддержка/персональный менеджер","officially_documented","BB-S0041|BB-S0040","BB-C0073","","Путь документирован, не пройден; время и конверсия неизвестны."
"BB-J0019","tide_uk_formation_account","Tide","United Kingdom","product_specific_SME","product_specific","new","web","formation_account","discovery_formation","1","Выбрать регистрацию/Company Secretary","Название; директора; SIC; PSC","","","","Регистрационные документы и предложение счёта","member_support","officially_documented","BB-S0054","BB-C0086|BB-C0087","BB-V0005","Публичная инструкция, не пройденная реальная заявка; экран и фактическое ожидание не получены."
"BB-J0020","tide_uk_formation_account","Tide","United Kingdom","product_specific_SME","product_specific","new","web_app","formation_account","onboarding","2","Передать сведения и пройти проверку","Личность/бизнес; документы; selfie; дополнительные запросы возможны","","","","Автоматическая или дополнительная проверка","member_support","officially_documented","BB-S0053","BB-C0084","BB-V0005","Публичная инструкция, не пройденная реальная заявка; экран и фактическое ожидание не получены."
"BB-J0021","tide_uk_formation_account","Tide","United Kingdom","product_specific_SME","product_specific","new","web_app","formation_account","account_opening","3","Принять условия при допуске","Tide и ClearBank договоры","","","","Счёт или отказ","member_support","officially_documented","BB-S0053|BB-S0069","BB-C0084|BB-C0088","BB-V0005","Публичная инструкция, не пройденная реальная заявка; экран и фактическое ожидание не получены."
"BB-J0022","tide_uk_external_account","Tide","United Kingdom","product_specific_SME","product_specific","new","web_app","external_account","data_connection","1","Выбрать банк, дать согласие, аутентифицировать","Банк; владелец; базовые сведения","Open_Banking_external_business_account","explicit_bank_connection_consent_and_authentication","","История/остаток в Tide","member_support","officially_documented","BB-S0058","BB-C0093|BB-C0085","","Публичная инструкция, не пройденная реальная заявка; экран и фактическое ожидание не получены."
"BB-J0023","tide_uk_external_account","Tide","United Kingdom","product_specific_SME","product_specific","existing","app","external_account","retention_data_continuity","2","Продлить соединение по уведомлению","Повторная аутентификация у банка","Open_Banking_external_business_account","service_reauthentication_rule","","Обновление или прекращение синхронизации","member_support","officially_documented","BB-S0059","BB-C0094","","Публичная инструкция, не пройденная реальная заявка; экран и фактическое ожидание не получены."
"BB-J0024","tide_uk_formation_account","Tide","United Kingdom","product_specific_SME","product_specific","existing","app","formation_account","first_useful_operation","4","Выполнить внешний бизнес-платёж/получить оплату","Реквизиты; достаточный остаток; проверка получателя","","","","Первый экономический контакт со счётом","member_support","inferred","BB-S0069","BB-C0088","","Пример предлагаемого критерия активации, не факт наблюдаемой первой операции/воронки Tide."
"BB-J0025","tide_uk_regular_accounting","Tide","United Kingdom","product_specific_SME","product_specific","existing","app","regular_accounting","regular_use","1","Категоризировать/сверить операции, открыть отчёт","Операции; категории; налоговая схема","","","","Учёт/отчёт; корректность требует проверки","member_support","officially_documented","BB-S0056","BB-C0090","","Публичная инструкция, не пройденная реальная заявка; экран и фактическое ожидание не получены."
"BB-J0026","tide_uk_regular_accounting","Tide","United Kingdom","product_specific_SME","product_specific","existing","app","regular_accounting","regular_use_tax","2","Использовать Income Tax toolkit","Сведения/категории/подключённые счета; допустимый sole trader","","","","Подготовка и отправка по описанному предложению","member_support","officially_documented","BB-S0057","BB-C0092","","Публичная инструкция, не пройденная реальная заявка; экран и фактическое ожидание не получены."
"BB-J0027","tide_uk_credit_flex_reimbursement","Tide","United Kingdom","product_specific_SME","product_specific","existing","app","credit_flex_reimbursement","eligibility_payment","1","Сначала оплатить из своих средств","Остаток; допустимая транзакция","","","","Платёж уже выполнен","member_support","officially_documented","BB-S0060|BB-S0061","BB-C0096","","Публичная инструкция, не пройденная реальная заявка; экран и фактическое ожидание не получены."
"BB-J0028","tide_uk_credit_flex_reimbursement","Tide","United Kingdom","product_specific_SME","product_specific","existing","app","credit_flex_reimbursement","offer","2","Выбрать Pay/Cover with Credit Flex","Платёж; доступность предложения","","","","Персональные условия","member_support","officially_documented","BB-S0061","BB-C0096|BB-C0097","BB-V0004","Публичная инструкция, не пройденная реальная заявка; экран и фактическое ожидание не получены."
"BB-J0029","tide_uk_credit_flex_reimbursement","Tide","United Kingdom","product_specific_SME","product_specific","existing","app","credit_flex_reimbursement","acceptance_funding","3","Принять график и поручительство","Согласие с договором/гарантией","","","","Кредит пополняет основной счёт","member_support","officially_documented","BB-S0060","BB-C0096","BB-V0004","Публичная инструкция, не пройденная реальная заявка; экран и фактическое ожидание не получены."
"BB-J0030","tide_uk_credit_flex_reimbursement","Tide","United Kingdom","product_specific_SME","product_specific","existing","app","credit_flex_reimbursement","servicing","4","Обеспечивать остаток для списания","График; остаток","","","","Месячное погашение; детали даты конфликтуют","member_support","officially_documented","BB-S0060|BB-S0061","BB-C0099|BB-C0100|BB-C0101","BB-V0004","Публичная инструкция, не пройденная реальная заявка; экран и фактическое ожидание не получены."
"BB-J0031","tide_uk_credit_flex_reimbursement","Tide","United Kingdom","product_specific_SME","product_specific","existing","app","credit_flex_reimbursement","distress","5","Обратиться при трудностях","Просроченный долг/контакт","","","","Попытки списания и взыскание по договору","member_support","officially_documented","BB-S0060","BB-C0102","","Публичная инструкция, не пройденная реальная заявка; экран и фактическое ожидание не получены."
"BB-J0032","tide_uk_external_finance","Tide","United Kingdom","product_specific_SME","product_specific","new_or_existing","web_app","external_finance","application","1","Указать сумму, цель, бизнес","Реквизиты компании; UK bank account","","","","Первичная оценка/подбор","member_support","officially_documented","BB-S0062","BB-C0103","","Публичная инструкция, не пройденная реальная заявка; экран и фактическое ожидание не получены."
"BB-J0033","tide_uk_external_finance","Tide","United Kingdom","product_specific_SME","product_specific","new_or_existing","web_partner","external_finance","lender_decision_contract","2","Предоставить пакет выбранному кредитору, оценить final offer","Документы/банковская история; lender-specific","","","","Решение и отдельный договор; результат unknown","member_support","officially_documented","BB-S0062|BB-S0063","BB-C0103|BB-C0104|BB-C0105","","Публичная инструкция, не пройденная реальная заявка; экран и фактическое ожидание не получены."
