"metric_observation_id","metric_id","company","geography","customer_segment","legal_form","product","value","unit","currency","period_start","period_end","as_of_date","denominator","scope","definition","source_ids","claim_ids","evidence_status","confidence","formula","input_metric_ids","assumptions","limitations"
"BB-M0001","subscription_monthly_equivalent","Qonto","France","product_specific","product_specific","Basic","9","EUR/month","EUR","","","2026-10-07","not_applicable","Basic;annual_billing;ex_tax","Месячный эквивалент годового плана","BB-S0033","BB-C0051","fact","Medium","","","","Раскрытое значение; не сопоставимая экономика когорты."
"BB-M0002","subscription_monthly_equivalent","Qonto","France","product_specific","product_specific","Basic","11","EUR/month","EUR","","","2026-10-07","not_applicable","Basic;monthly_billing;ex_tax","Цена при месячной оплате","BB-S0033","BB-C0051","fact","Medium","","","","Раскрытое значение; не сопоставимая экономика когорты."
"BB-M0003","subscription_monthly_equivalent","Qonto","France","product_specific","product_specific","Business","109","EUR/month","EUR","","","2026-10-07","not_applicable","Business;annual_billing;ex_tax","Текущая страница, месячный эквивалент годового плана","BB-S0034","BB-C0052","fact","Medium","","","","Раскрытое значение; не сопоставимая экономика когорты."
"BB-M0004","subscription_monthly_equivalent","Qonto","France","product_specific","product_specific","Business","139","EUR/month","EUR","","","2026-10-07","not_applicable","Business;announced_october2026;monthly_billing;ex_tax","Объявленная в справке новая цена","BB-S0033","BB-C0052","fact","Medium","","","","Только объявленное октябрьское изменение; индивидуальное актуальное предложение проверить."
"BB-M0005","offered_credit_limit","Qonto","France","product_specific","product_specific","PayLater","100000","EUR","EUR","","","2026-10-07","not_applicable","PayLater;upper_bound","Максимум предложения, не одобрение","BB-S0035","BB-C0057","fact","Medium","","","","Раскрытое значение; не сопоставимая экономика когорты."
"BB-M0006","offered_credit_term","Qonto","France","product_specific","product_specific","PayLater","3","months","","","","2026-10-07","not_applicable","PayLater;offered_term","Число ежемесячных платежей","BB-S0028","BB-C0057","fact","Medium","","","","Раскрытое значение; не сопоставимая экономика когорты."
"BB-M0007","offered_credit_term","Qonto","France","product_specific","product_specific","PayLater","9","months","","","","2026-10-07","not_applicable","PayLater;offered_term","Число ежемесячных платежей","BB-S0028","BB-C0057","fact","Medium","","","","Раскрытое значение; не сопоставимая экономика когорты."
"BB-M0008","offered_credit_term","Qonto","France","product_specific","product_specific","PayLater","12","months","","","","2026-10-07","not_applicable","PayLater;offered_term","Число ежемесячных платежей","BB-S0028","BB-C0057","fact","Medium","","","","Раскрытое значение; не сопоставимая экономика когорты."
"BB-M0009","eligibility_business_age","Qonto","France","product_specific","product_specific","PayLater","6","months","","","","2026-10-07","not_applicable","PayLater;registration_age;at_least","Регистрация бизнеса не менее порога","BB-S0028","BB-C0055","fact","Medium","","","","Раскрытое значение; не сопоставимая экономика когорты."
"BB-M0010","eligibility_balance","Allica Bank","United Kingdom","product_specific","product_specific","BRA","50000","GBP","GBP","","","2026-10-07","not_applicable","BRA;required_balance;or_existing_loan","Условие из KPI; альтернатива кредитному продукту","BB-S0042","BB-C0066","fact","Medium","","","","Документ ноября 2025, ныне связанный со страницей; не текущий средний остаток."
"BB-M0011","eligibility_business_age","Allica Bank","United Kingdom","product_specific","product_specific","BRA","12","months","","","","2026-10-07","not_applicable","BRA;incorporation_age;at_least","Возраст регистрации","BB-S0042","BB-C0066","fact","Medium","","","","Раскрытое значение; не сопоставимая экономика когорты."
"BB-M0012","offered_credit_limit","Allica Bank","United Kingdom","product_specific","product_specific","overdraft","25000","GBP","GBP","","","2026-10-07","not_applicable","overdraft;lower_bound_exclusive","Страница: over 25000","BB-S0040","BB-C0072","fact","Medium","","","","Раскрытое значение; не сопоставимая экономика когорты."
"BB-M0013","offered_credit_limit","Allica Bank","United Kingdom","product_specific","product_specific","overdraft","2000000","GBP","GBP","","","2026-10-07","not_applicable","overdraft;upper_bound","Максимум предложения","BB-S0040","BB-C0072","fact","Medium","","","","Раскрытое значение; не сопоставимая экономика когорты."
"BB-M0014","eligibility_business_age","Allica Bank","United Kingdom","product_specific","product_specific","overdraft","24","months","","","","2026-10-07","not_applicable","overdraft;trading_age;more_than","Страница помощи: more than 24 months","BB-S0038","BB-C0069","fact","Medium","","","","Landing говорит at least, help/terms more than; точную границу сверить с Offer Letter."
"BB-M0015","eligibility_turnover","Allica Bank","United Kingdom","product_specific","product_specific","overdraft","500000","GBP/year","GBP","","","2026-10-07","not_applicable","overdraft;standard;lower_bound_exclusive","Оборот выше порога","BB-S0038","BB-C0069","fact","Medium","","","","Раскрытое значение; не сопоставимая экономика когорты."
"BB-M0016","eligibility_turnover","Allica Bank","United Kingdom","product_specific","product_specific","overdraft","300000","GBP/year","GBP","","","2026-10-07","not_applicable","overdraft;GGS;lower_bound_exclusive","Порог для GGS, не всех заявок","BB-S0038","BB-C0069","fact","Medium","","","","Раскрытое значение; не сопоставимая экономика когорты."
"BB-M0017","arrangement_fee","Allica Bank","United Kingdom","product_specific","product_specific","overdraft","1.5","percent","","","","2026-10-07","not_applicable","overdraft;arrangement_fee_on_agreed_limit","Комиссия от согласованного лимита","BB-S0040","BB-C0072","fact","Medium","","","","Раскрытое значение; не сопоставимая экономика когорты."
"BB-M0018","reported_active_service_customers","Allica Bank","United Kingdom","product_specific","product_specific","BRA","14000","customers","","2025-01-01","2025-12-31","","not_applicable","BRA;reported_active;lower_bound_exclusive","Более 14000; active не раскрыто операционно","BB-S0043","BB-C0075","fact","Medium","","","","Не точное значение и не active_business по BB-02; не обязательно уникальные юрлица."
"BB-M0019","reported_gross_revenue","Allica Bank","United Kingdom","product_specific","product_specific","reported_business","371.3","GBP million","GBP","2025-01-01","2025-12-31","","not_applicable","reported_business;gross_revenue","Gross revenue FY2025","BB-S0043","BB-C0074","fact","Medium","","","","Раскрытое значение; не сопоставимая экономика когорты."
"BB-M0020","reported_statutory_pbt","Allica Bank","United Kingdom","product_specific","product_specific","reported_business","36.9","GBP million","GBP","2025-01-01","2025-12-31","","not_applicable","reported_business;statutory_PBT","Statutory profit before tax","BB-S0043","BB-C0074","fact","Medium","","","","Раскрытое значение; не сопоставимая экономика когорты."
"BB-M0021","reported_underlying_pbt","Allica Bank","United Kingdom","product_specific","product_specific","reported_business","43.7","GBP million","GBP","2025-01-01","2025-12-31","","not_applicable","reported_business;underlying_PBT","Underlying profit before tax","BB-S0043","BB-C0074","fact","Medium","","","","Исключены расходы M&A/international и ускоренная амортизация; не statutory."
"BB-M0022","reported_lending_balance","Allica Bank","United Kingdom","product_specific","product_specific","reported_business","3.7","GBP billion","GBP","2025-01-01","2025-12-31","","not_applicable","reported_business;rounded_lending_balance","Total lending FY2025","BB-S0043","BB-C0076","fact","Medium","","","","Округлено по релизу; не gross originations, годовой отчёт не прочитан."
"BB-M0023","reported_deposits","Allica Bank","United Kingdom","product_specific","product_specific","reported_business","5.7","GBP billion","GBP","2025-01-01","2025-12-31","","not_applicable","reported_business;rounded_customer_deposits","Customer deposits FY2025","BB-S0043","BB-C0076","fact","Medium","","","","Включение личных и сберегательных депозитов не нормализовано; не остатки BRA."
"BB-M0024","reported_mortgage_balance","Allica Bank","United Kingdom","product_specific","product_specific","commercial_mortgages","2.4","GBP billion","GBP","2025-01-01","2025-12-31","","not_applicable","commercial_mortgages;rounded_balance","Commercial mortgages FY2025","BB-S0043","BB-C0076","fact","Medium","","","","Раскрытое значение; не сопоставимая экономика когорты."
"BB-M0025","cet1_ratio","Allica Bank","United Kingdom","product_specific","product_specific","consolidated_group","13.4","percent","","","","2025-12-31","risk_weighted_exposure_amount","consolidated_group;CET1_RWA","Pillar 3 ratio year end","BB-S0044","BB-C0077","fact","Medium","","","","Раскрытое значение; не сопоставимая экономика когорты."
"BB-M0026","cet1_ratio","Allica Bank","United Kingdom","product_specific","product_specific","consolidated_group","14.5","percent","","","","2024-12-31","risk_weighted_exposure_amount","consolidated_group;CET1_RWA","Pillar 3 comparative year end","BB-S0044","BB-C0077","fact","Medium","","","","Раскрытое значение; не сопоставимая экономика когорты."
"BB-M0027","total_capital_ratio","Allica Bank","United Kingdom","product_specific","product_specific","consolidated_group","16.8","percent","","","","2025-12-31","risk_weighted_exposure_amount","consolidated_group;total_capital_RWA","Pillar 3 ratio year end","BB-S0044","BB-C0077","fact","Medium","","","","Раскрытое значение; не сопоставимая экономика когорты."
"BB-M0028","total_capital_ratio","Allica Bank","United Kingdom","product_specific","product_specific","consolidated_group","18.8","percent","","","","2024-12-31","risk_weighted_exposure_amount","consolidated_group;total_capital_RWA","Pillar 3 comparative year end","BB-S0044","BB-C0077","fact","Medium","","","","Раскрытое значение; не сопоставимая экономика когорты."
"BB-M0029","lcr","Allica Bank","United Kingdom","product_specific","product_specific","consolidated_group","220.8","percent","","2025-01-01","2025-12-31","","adjusted_net_cash_outflows","consolidated_group;12_month_average","LCR — 12-month average","BB-S0044","BB-C0078","fact","Medium","","","","Раскрытое значение; не сопоставимая экономика когорты."
"BB-M0030","nsfr","Allica Bank","United Kingdom","product_specific","product_specific","consolidated_group","138.8","percent","","2025-01-01","2025-12-31","","total_required_stable_funding","consolidated_group;four_quarter_average","NSFR — 4-quarter average","BB-S0044","BB-C0078","fact","Medium","","","","Раскрытое значение; не сопоставимая экономика когорты."
"BB-M0031","one_off_fee","Tide","United Kingdom","SME_product_specific","limited_company","company_formation","14.99","GBP","GBP","","","2026-10-07","per_company_incorporation","standalone_registration;one_off;VAT_unspecified","Цена регистрации без Company Secretary","BB-S0054","BB-C0087","fact","Medium","","","","Опубликованный параметр/заявление; не реальный средний чек, adoption или гармонизированная активность."
"BB-M0032","one_off_fee","Tide","United Kingdom","SME_product_specific","product_specific","company_formation","1","GBP","GBP","","","2026-10-07","per_company_incorporation","conditional_Company_Secretary_subscription;one_off","Рекламная цена регистрации при подписке","BB-S0054","BB-C0087","fact","Medium","","","","Опубликованный параметр/заявление; не реальный средний чек, adoption или гармонизированная активность."
"BB-M0033","subscription_monthly_equivalent","Tide","United Kingdom","SME_product_specific","product_specific","Company_Secretary","12.5","GBP_per_month","GBP","","","2026-10-07","per_subscription_month","following_11_months;ex_VAT;monthly","Раскрытая плата после первоначального оформления","BB-S0054","BB-C0087","fact","Medium","","","","Опубликованный параметр/заявление; не реальный средний чек, adoption или гармонизированная активность."
"BB-M0034","subscription_commitment_months","Tide","United Kingdom","SME_product_specific","product_specific","Company_Secretary","11","months","","","","2026-10-07","not_applicable","following_months;not_credit_term","Количество следующих платных месяцев","BB-S0054","BB-C0087","fact","Medium","","","","Опубликованный параметр/заявление; не реальный средний чек, adoption или гармонизированная активность."
"BB-M0035","one_off_fee","Tide","United Kingdom","SME_product_specific","product_specific","Companies_House_digital_incorporation","100","GBP","GBP","","","2026-02-01","per_incorporation","external_official_fee;effective_2026-02-01;not_Tide_CAC","Официальная плата Companies House за digital incorporation","BB-S0077","BB-C0087","fact","Medium","","","","Опубликованный параметр/заявление; не реальный средний чек, adoption или гармонизированная активность."
"BB-M0036","subscription_monthly_equivalent","Tide","United Kingdom","SME_product_specific","product_specific","membership_Free","0","GBP_per_month","GBP","","","2026-10-07","per_subscription_month","displayed_monthly;VAT_not_normalized;not_annual_equivalent;explicit_zero_plan_fee_not_zero_all_costs","Опубликованная абонплата; не весь платёжный тариф","BB-S0055","BB-C0089","fact","Medium","","","","Опубликованный параметр/заявление; не реальный средний чек, adoption или гармонизированная активность."
"BB-M0037","subscription_monthly_equivalent","Tide","United Kingdom","SME_product_specific","product_specific","membership_Smart","12.49","GBP_per_month","GBP","","","2026-10-07","per_subscription_month","displayed_monthly;VAT_not_normalized;not_annual_equivalent;individual_plan","Опубликованная абонплата; не весь платёжный тариф","BB-S0055","BB-C0089","fact","Medium","","","","Опубликованный параметр/заявление; не реальный средний чек, adoption или гармонизированная активность."
"BB-M0038","subscription_monthly_equivalent","Tide","United Kingdom","SME_product_specific","product_specific","membership_Pro","27.49","GBP_per_month","GBP","","","2026-10-07","per_subscription_month","displayed_monthly;VAT_not_normalized;not_annual_equivalent;individual_plan","Опубликованная абонплата; не весь платёжный тариф","BB-S0055","BB-C0089","fact","Medium","","","","Опубликованный параметр/заявление; не реальный средний чек, adoption или гармонизированная активность."
"BB-M0039","subscription_monthly_equivalent","Tide","United Kingdom","SME_product_specific","product_specific","membership_Max","69.99","GBP_per_month","GBP","","","2026-10-07","per_subscription_month","displayed_monthly;VAT_not_normalized;not_annual_equivalent;individual_plan","Опубликованная абонплата; не весь платёжный тариф","BB-S0055","BB-C0089","fact","Medium","","","","Опубликованный параметр/заявление; не реальный средний чек, adoption или гармонизированная активность."
"BB-M0040","subscription_monthly_equivalent","Tide","United Kingdom","SME_product_specific","sole_trader","Accounting_sole_trader","13.99","GBP_per_month","GBP","","","2026-10-07","per_subscription_month","monthly;ex_VAT;standalone_add_on","Accounting sole trader","BB-S0056","BB-C0091","fact","Medium","","","","Опубликованный параметр/заявление; не реальный средний чек, adoption или гармонизированная активность."
"BB-M0041","subscription_monthly_equivalent","Tide","United Kingdom","SME_product_specific","limited_company","Accounting_limited_company","19.99","GBP_per_month","GBP","","","2026-10-07","per_subscription_month","monthly;ex_VAT;standalone_add_on","Accounting limited company","BB-S0056","BB-C0091","fact","Medium","","","","Опубликованный параметр/заявление; не реальный средний чек, adoption или гармонизированная активность."
"BB-M0042","subscription_monthly_equivalent","Tide","United Kingdom","SME_product_specific","product_specific","Invoice_Assistant","5.99","GBP_per_month","GBP","","","2026-10-07","per_subscription_month","monthly;ex_VAT;standalone_add_on","Отдельное дополнение Invoice Assistant","BB-S0056","BB-C0091","fact","Medium","","","","Опубликованный параметр/заявление; не реальный средний чек, adoption или гармонизированная активность."
"BB-M0043","offered_credit_limit","Tide","United Kingdom","SME_product_specific","product_specific","Credit_Flex","100","GBP","GBP","","","2026-10-07","not_applicable","minimum_single_loan;not_preapproved_actual_limit","Минимальная сумма отдельного займа","BB-S0061","BB-C0097","fact","Medium","","","","Опубликованный параметр/заявление; не реальный средний чек, adoption или гармонизированная активность."
"BB-M0044","monthly_interest_rate","Tide","United Kingdom","SME_product_specific","product_specific","Credit_Flex","3.3","percent_per_month","","","","2026-10-07","outstanding_principal","offered_option;outstanding_balance;not_APR;rate_term_pairing_unknown","Месячная ставка на непогашенную сумму","BB-S0061","BB-C0097","fact","Medium","","","","Опубликованный параметр/заявление; не реальный средний чек, adoption или гармонизированная активность."
"BB-M0045","monthly_interest_rate","Tide","United Kingdom","SME_product_specific","product_specific","Credit_Flex","4.25","percent_per_month","","","","2026-10-07","outstanding_principal","offered_option;outstanding_balance;not_APR;rate_term_pairing_unknown","Месячная ставка на непогашенную сумму","BB-S0061","BB-C0097","fact","Medium","","","","Опубликованный параметр/заявление; не реальный средний чек, adoption или гармонизированная активность."
"BB-M0046","offered_credit_term","Tide","United Kingdom","SME_product_specific","product_specific","Credit_Flex","4","months","","","","2026-10-07","not_applicable","offered_option;rate_term_pairing_unknown","Доступный срок, не наблюдаемая дюрация","BB-S0061","BB-C0097","fact","Medium","","","","Опубликованный параметр/заявление; не реальный средний чек, adoption или гармонизированная активность."
"BB-M0047","offered_credit_term","Tide","United Kingdom","SME_product_specific","product_specific","Credit_Flex","6","months","","","","2026-10-07","not_applicable","offered_option;rate_term_pairing_unknown","Доступный срок, не наблюдаемая дюрация","BB-S0061","BB-C0097","fact","Medium","","","","Опубликованный параметр/заявление; не реальный средний чек, adoption или гармонизированная активность."
"BB-M0048","facility_announced_capacity","Tide","United Kingdom","SME_product_specific","product_specific","Credit_Flex_funding","100000000","GBP","GBP","","","2025-05-01","not_applicable","announced_securitization_debt_facility;not_drawn_balance_or_originations","Объявленная ёмкость фондирования","BB-S0064","BB-C0106","fact","Medium","","","","Опубликованный параметр/заявление; не реальный средний чек, adoption или гармонизированная активность."
"BB-M0049","reported_platform_members","Tide","Global","SME_product_specific","product_specific","platform_members","2000000","reported_members","","","","2026-05-27","source_members_population","worldwide;lower_bound_exceeded;active_definition_unknown","Компания сообщает crossed two million members","BB-S0065","BB-C0107","fact","Medium","","","","Опубликованный параметр/заявление; не реальный средний чек, adoption или гармонизированная активность."
"BB-M0050","reported_platform_members","Tide","United Kingdom","SME_product_specific","product_specific","platform_members","900000","reported_members","","","","2026-05-27","source_members_population","UK;rounded_reported;active_definition_unknown","UK SMEs/members по релизу","BB-S0065","BB-C0107","fact","Medium","","","","Опубликованный параметр/заявление; не реальный средний чек, adoption или гармонизированная активность."
"BB-M0051","reported_platform_members","Tide","United Kingdom","SME_product_specific","product_specific","platform_members","900000","reported_members","","","","2026-05-21","source_members_population","UK;strict_lower_bound_over;active_definition_unknown","UK membership over 900000 в методологии","BB-S0066","BB-C0108","fact","Medium","","","","Опубликованный параметр/заявление; не реальный средний чек, adoption или гармонизированная активность."
"BB-M0052","counterparty_reported_customers","Tide","United Kingdom","SME_product_specific","product_specific","platform_partner_scope","800000","reported_SMEs","","","","2026-04-15","counterparty_reported_population","UK_context;nearly_approximation;coverage_not_aligned","ClearBank сообщает nearly 800000 SMEs","BB-S0067","BB-C0109","fact","Medium","","","","Опубликованный параметр/заявление; не реальный средний чек, adoption или гармонизированная активность."
"BB-M0053","reauthentication_interval","Tide","United Kingdom","SME_product_specific","product_specific","connected_accounts","90","days","","","","2026-10-07","not_applicable","service_documented;not_universal_regulatory_rule","Интервал по помощи сервиса","BB-S0059","BB-C0094","fact","Medium","","","","Опубликованный параметр/заявление; не реальный средний чек, adoption или гармонизированная активность."
"BB-M0054","offered_credit_limit","Tide","United Kingdom","SME_product_specific","product_specific","Funding_Options_marketplace","1000","GBP","GBP","","","2026-10-07","not_applicable","panel_advertised_lower_bound;not_Credit_Flex","Минимум диапазона внешних продуктов","BB-S0062","BB-C0103","fact","Medium","","","","Опубликованный параметр/заявление; не реальный средний чек, adoption или гармонизированная активность."
"BB-M0055","offered_credit_limit","Tide","United Kingdom","SME_product_specific","product_specific","Funding_Options_marketplace","20000000","GBP","GBP","","","2026-10-07","not_applicable","panel_advertised_upper_bound;product_lender_specific;not_Credit_Flex","Верх диапазона предложения панели","BB-S0062","BB-C0103","fact","Medium","","","","Опубликованный параметр/заявление; не реальный средний чек, adoption или гармонизированная активность."
