player_id,company,market_candidates,research_role_hypothesis,priority,question_to_test,discovery_url,existing_repo_path,verification_status,source_ids,selected_for_deep_dive,notes
qonto,Qonto,France|Germany|Netherlands,account_and_workflow,A,Почему платный финансовый сервис привлекает компании и как связан с кредитом,https://qonto.com/,,todo,,pending,"Предварительный кандидат; актуальные продукты, лицензия, география и успех не подтверждены этой строкой"
tide,Tide,United Kingdom|India,account_and_partners,A,"Каналы, первая операция, платёжный контекст кредита и экономика",https://www.tide.co/,,todo,,pending,"Предварительный кандидат; актуальные продукты, лицензия, география и успех не подтверждены этой строкой"
mercury,Mercury,United States,account_and_workflow,A,"Перенос операций, бухгалтерские задачи и отличие стартапов от зрелого бизнеса",https://mercury.com/,,todo,,pending,"Предварительный кандидат; актуальные продукты, лицензия, география и успех не подтверждены этой строкой"
allica,Allica Bank,United Kingdom,specialist_bank,A,"Сочетание счёта, кредитов и зрелого SME",https://www.allica.bank/,companies/uk/allica.md,todo,,pending,"Предварительный кандидат; актуальные продукты, лицензия, география и успех не подтверждены этой строкой"
starling,Starling Bank,United Kingdom,business_bank,B,Что создаёт ежедневное использование бизнес-счёта,https://www.starlingbank.com/,,todo,,pending,"Предварительный кандидат; актуальные продукты, лицензия, география и успех не подтверждены этой строкой"
monzo,Monzo Business,United Kingdom,business_bank,B,Причины выбора и использование малого бизнеса,https://monzo.com/business-banking,,todo,,pending,"Предварительный кандидат; актуальные продукты, лицензия, география и успех не подтверждены этой строкой"
mettle,Mettle,United Kingdom,account_and_accounting,B,Счёт с бухгалтерией; группа и клиенты без двойного счёта,https://www.mettle.co.uk/,,todo,,pending,"Предварительный кандидат; актуальные продукты, лицензия, география и успех не подтверждены этой строкой"
revolut_business,Revolut Business,selected_European_market,international_business_finance,B,"Страны, перевод валют, операции и доступность кредитов",https://www.revolut.com/business/,,todo,,pending,"Предварительный кандидат; актуальные продукты, лицензия, география и успех не подтверждены этой строкой"
wise_business,Wise Business,selected_market,international_payments_control,B,Платёжная полезность; проверить наличие и роль кредита,https://wise.com/business/,,todo,,pending,"Предварительный кандидат; актуальные продукты, лицензия, география и успех не подтверждены этой строкой"
airwallex,Airwallex,Singapore|Australia,international_business_finance,A,"Платежи, карты, расходы и кредитная связка в выбранной стране",https://www.airwallex.com/,,todo,,pending,"Предварительный кандидат; актуальные продукты, лицензия, география и успех не подтверждены этой строкой"
ramp,Ramp,United States,spend_workflow,A,Контроль расходов как точка входа и источник финансовых данных,https://ramp.com/,,todo,,pending,"Предварительный кандидат; актуальные продукты, лицензия, география и успех не подтверждены этой строкой"
brex,Brex,United States,spend_workflow,B,"Целевой сегмент, экономика и проверяемая история изменений модели",https://www.brex.com/,,todo,,pending,"Предварительный кандидат; актуальные продукты, лицензия, география и успех не подтверждены этой строкой"
bill,BILL,United States,payables_receivables_workflow,A,Платёжные задачи и возможный переход к финансированию,https://www.bill.com/,,todo,,pending,"Предварительный кандидат; актуальные продукты, лицензия, география и успех не подтверждены этой строкой"
bluevine,Bluevine,United States,account_credit,B,Соотношение счёта и кредитной линии для внешнего SME,https://www.bluevine.com/,,todo,,pending,"Предварительный кандидат; актуальные продукты, лицензия, география и успех не подтверждены этой строкой"
relay,Relay,United States,account_cash_management,B,"Несколько счетов, финансовый порядок и кредитная связка",https://relayfi.com/,,todo,,pending,"Предварительный кандидат; актуальные продукты, лицензия, география и успех не подтверждены этой строкой"
novo,Novo,United States,account_and_integrations,B,"Интеграции, активация и финансирование",https://www.novo.co/,,todo,,pending,"Предварительный кандидат; актуальные продукты, лицензия, география и успех не подтверждены этой строкой"
found,Found,United States,self_employed_control,C,Контрольный случай предпринимателей; переносимость на юрлиц,https://found.com/,,todo,,pending,"Предварительный кандидат; актуальные продукты, лицензия, география и успех не подтверждены этой строкой"
nubank,Nubank,Brazil,account_to_credit,A,"Доля юрлиц, активность и превращение базы в кредит",https://nu.com.br/,companies/brazil/nubank.md,todo,,pending,"Предварительный кандидат; актуальные продукты, лицензия, география и успех не подтверждены этой строкой"
stone,Stone,Brazil,payments_to_credit,A,"Эквайринг, счёт, активность и риск кредитного роста",https://www.stone.com.br/,companies/brazil/stone.md,todo,,pending,"Предварительный кандидат; актуальные продукты, лицензия, география и успех не подтверждены этой строкой"
mercado_pago,Mercado Pago,Mexico|Brazil,payments_to_credit,A,Внеплатформенные клиенты и обязательность продаж на маркетплейсе,https://www.mercadopago.com.mx/,companies/mexico/mercado_pago.md,todo,,pending,"Предварительный кандидат; актуальные продукты, лицензия, география и успех не подтверждены этой строкой"
square,Square,United States,payments_to_credit,A,Отличие платёжной истории от РКО и внешние данные,https://squareup.com/,companies/us/square_loans.md,todo,,pending,"Предварительный кандидат; актуальные продукты, лицензия, география и успех не подтверждены этой строкой"
toast,Toast,United States,vertical_software_finance,A,"Ресторанные операции, финансовые задачи и кредиты партнёров",https://pos.toasttab.com/,,todo,,pending,"Предварительный кандидат; актуальные продукты, лицензия, география и успех не подтверждены этой строкой"
stripe,Stripe,United States,embedded_payments_finance,A,Платёжные данные и финансирование вне собственного РКО,https://stripe.com/,,todo,,pending,"Предварительный кандидат; актуальные продукты, лицензия, география и успех не подтверждены этой строкой"
shopify,Shopify,United States,commerce_platform_finance,B,Продавцы другой платформы отдельно; доступ к финансированию,https://www.shopify.com/,,todo,,pending,"Предварительный кандидат; актуальные продукты, лицензия, география и успех не подтверждены этой строкой"
quickbooks,Intuit QuickBooks,United States,accounting_to_finance,A,"Бухгалтерские данные, оплата счетов и доступ к кредиту",https://quickbooks.intuit.com/,,todo,,pending,"Предварительный кандидат; актуальные продукты, лицензия, география и успех не подтверждены этой строкой"
iwoca,iwoca,United Kingdom|Germany,credit_first,A,Кредит новому клиенту с внешними данными,https://www.iwoca.co.uk/,companies/germany/iwoca.md,todo,,pending,"Предварительный кандидат; актуальные продукты, лицензия, география и успех не подтверждены этой строкой"
funding_circle,Funding Circle,United Kingdom,credit_first,B,Каналы привлечения кредитных клиентов без своей базы счетов,https://www.fundingcircle.com/,companies/uk/funding_circle.md,todo,,pending,"Предварительный кандидат; актуальные продукты, лицензия, география и успех не подтверждены этой строкой"
youlend,YouLend,United Kingdom|selected_market,partner_credit,A,"Распределение клиентов, данных, дохода и риска с партнёром",https://youlend.com/,,todo,,pending,"Предварительный кандидат; актуальные продукты, лицензия, география и успех не подтверждены этой строкой"
liberis,Liberis,United Kingdom|selected_market,partner_credit,B,Партнёрская дистрибуция и экономика канала,https://www.liberis.com/,,todo,,pending,"Предварительный кандидат; актуальные продукты, лицензия, география и успех не подтверждены этой строкой"
commbank,CommBank,Australia,incumbent_transaction_credit,B,"База операций, предложения и отличие малого бизнеса от группы",https://www.commbank.com.au/,companies/australia/commbank.md,todo,,pending,"Предварительный кандидат; актуальные продукты, лицензия, география и успех не подтверждены этой строкой"
rabobank,Rabobank,Netherlands,incumbent_external_data,B,Когда кредит доступен с внешними транзакционными данными,https://www.rabobank.nl/,companies/netherlands/rabobank.md,todo,,pending,"Предварительный кандидат; актуальные продукты, лицензия, география и успех не подтверждены этой строкой"
judo,Judo Bank,Australia,relationship_credit,B,Кредитный вход и роль депозитов/счёта в модели,https://www.judo.bank/,companies/australia/judo.md,todo,,pending,"Предварительный кандидат; актуальные продукты, лицензия, география и успех не подтверждены этой строкой"
dbs,DBS,Singapore,incumbent_business_finance,B,"Операции бизнеса, отраслевые решения и партнёры",https://www.dbs.com/,,todo,,pending,"Предварительный кандидат; актуальные продукты, лицензия, география и успех не подтверждены этой строкой"
uob,UOB,Singapore,incumbent_business_finance,B,Финансовые задачи внешнего бизнеса и кредитная связь,https://www.uobgroup.com/,,todo,,pending,"Предварительный кандидат; актуальные продукты, лицензия, география и успех не подтверждены этой строкой"
aspire,Aspire,Singapore,spend_account_workflow,A,"Операции и расходы; страна, лицензия и кредитор",https://aspireapp.com/,,todo,,pending,"Предварительный кандидат; актуальные продукты, лицензия, география и успех не подтверждены этой строкой"
mybank,MYbank,China,digital_business_credit,B,"Данные, каналы и зависимость от собственной базы/экосистемы",https://www.mybank.cn/,,todo,,pending,"Предварительный кандидат; актуальные продукты, лицензия, география и успех не подтверждены этой строкой"
webank,WeBank,China,digital_business_credit,B,Новый для банка SME и цифровая кредитная инфраструктура,https://www.webank.com/,,todo,,pending,"Предварительный кандидат; актуальные продукты, лицензия, география и успех не подтверждены этой строкой"
razorpayx,RazorpayX,India,business_payment_workflow,A,"Платежи, зарплата и доступ к финансовым данным",https://razorpay.com/x/,,todo,,pending,"Предварительный кандидат; актуальные продукты, лицензия, география и успех не подтверждены этой строкой"
ugro,UGRO Capital,India,partner_credit,B,Партнёрские каналы и данные бизнеса,https://www.ugrocapital.com/,companies/india/ugro.md,todo,,pending,"Предварительный кандидат; актуальные продукты, лицензия, география и успех не подтверждены этой строкой"
moniepoint,Moniepoint,Nigeria,merchant_business_finance,B,"Торговые операции, счёт и кредит; данные против",https://moniepoint.com/,,todo,,pending,"Предварительный кандидат; актуальные продукты, лицензия, география и успех не подтверждены этой строкой"
kopo_kopo,Kopo Kopo,Kenya,merchant_business_finance,C,Проверить отличающийся платёжный/кредитный механизм,https://kopokopo.com/,,todo,,pending,"Предварительный кандидат; актуальные продукты, лицензия, география и успех не подтверждены этой строкой"
tochka,Точка,Russia,russia_transferability_context,transferability,Что уже доступно на российском рынке и какие зарубежные механизмы применимы,https://tochka.com/,,todo,,pending,Контекст применимости; не входит в мировой список успешных кейсов без проверки
tbank,Т-Банк,Russia,russia_transferability_context,transferability,Что уже доступно на российском рынке и какие зарубежные механизмы применимы,https://www.tbank.ru/business/,,todo,,pending,Контекст применимости; не входит в мировой список успешных кейсов без проверки
sber,СберБизнес,Russia,russia_transferability_context,transferability,Что уже доступно на российском рынке и какие зарубежные механизмы применимы,https://www.sberbank.ru/ru/s_m_business,,todo,,pending,Контекст применимости; не входит в мировой список успешных кейсов без проверки
alfa,Альфа-Банк,Russia,russia_transferability_context,transferability,Что уже доступно на российском рынке и какие зарубежные механизмы применимы,https://alfabank.ru/sme/,,todo,,pending,Контекст применимости; не входит в мировой список успешных кейсов без проверки
modul,Модульбанк,Russia,russia_transferability_context,transferability,Что уже доступно на российском рынке и какие зарубежные механизмы применимы,https://modulbank.ru/,,todo,,pending,Контекст применимости; не входит в мировой список успешных кейсов без проверки
