"task_id","task","depends_on","output_paths","exit_criteria","status","completed_items","remaining_items","last_updated","last_commit","notes","github_issue_number","github_issue_url"
"BB-00","План, промпты и структура данных","","docs/b2b_banking/README.md|docs/b2b_banking/research_plan.md|prompts/b2b_banking/master_prompt.md","План и стартовые материалы сохранены и ссылки проверены","done","","","2026-10-05","","Методология и стартовые наблюдения; рынок ещё не исследован","9","https://github.com/vladimirutkin2mn-lgtm/b2b_credit_market_research/issues/9"
"BB-01","Аудит старой базы и свежести","BB-00","docs/b2b_banking/reuse_audit.md|data/b2b_banking/reuse_audit.csv","Определён объём использования, обновления и нового сбора","done","47 файлов проверены; 3 точечных первичных перепроверки; карта нового сбора","Нет в объёме BB-01; полная перепроверка фактов относится к BB-03/05","2026-10-05","","Вход 4cf67d887d11fa964353397a73f5da50b0d98748; SHA результата в GitHub #10; далее BB-02","10","https://github.com/vladimirutkin2mn-lgtm/b2b_credit_market_research/issues/10"
"BB-02","Сегменты и словарь метрик","BB-01","docs/b2b_banking/segments_and_metrics.md|data/b2b_banking/metric_definitions.csv","Различаются счета, активность, пригодность, кредит и прибыль","done","Сегменты и 4 пути; 49 предложенных определений; 2 первичных тезиса; приёмка","Нет в объёме BB-02; параметры и показатели компаний собрать в BB-03/05/08","2026-10-07","","Вход 0170f22814b5f0deb3f2a40100a1a1200e9cd5e6; SHA результата в #10; далее BB-03","10","https://github.com/vladimirutkin2mn-lgtm/b2b_credit_market_research/issues/10"
"BB-03","Проверка кандидатов и выборка","BB-02","docs/b2b_banking/shortlist.md|data/b2b_banking/player_candidates.csv","Все пути и контрольные случаи покрыты первичными источниками","done","14 кейсов; 7 стран; 15 новых источников и 31 тезис; пути и контролирующие случаи","BB-04/05: роли и договоры; 32 неотобранных не объявлены проверенными","2026-10-07","","Вход e709841fb616bf54c72d52e12f1b5cbdee2fdb12; SHA результата в #10; далее BB-04 Qonto FR / Allica UK","10","https://github.com/vladimirutkin2mn-lgtm/b2b_credit_market_research/issues/10"
"BB-04","Два тестовых профиля и настройка шаблона","BB-03","companies/b2b_banking/","Два профиля приняты; удобство шаблона проверено","done","2 подробных профиля; шаблон принят после теста; функции/метрики/пути/противоречия","Экраны и когортная экономика ограничены явными пробелами BB-G21–23","2026-10-07","","Вход 6ff85d1d9296bf2075568d0e1a457fc2cefa174b; SHA результата в #11; далее BB-05 остальные 12","11","https://github.com/vladimirutkin2mn-lgtm/b2b_credit_market_research/issues/11"
"BB-05","Подробные разборы выбранных компаний","BB-04","companies/b2b_banking/","Все выбранные профили приняты; список оставшихся пуст","todo","","Остались 12 профилей из shortlist.csv; Qonto/Allica уже done","2026-10-07","","Следующий модуль после BB-04; не пересоздавать принятые профили без причины","11","https://github.com/vladimirutkin2mn-lgtm/b2b_credit_market_research/issues/11"
"BB-06","Атлас путей и экранов","BB-05","docs/b2b_banking/journey_atlas.md|data/b2b_banking/journey_steps.csv|data/b2b_banking/screens.csv","Этапы имеют доказательство или явный пробел","todo","","","2026-10-05","","Задание по очереди; будущие файлы ещё не созданы","11","https://github.com/vladimirutkin2mn-lgtm/b2b_credit_market_research/issues/11"
"BB-07","Привлечение, активация и удержание","BB-05|BB-06","docs/b2b_banking/acquisition_activation_synthesis.md","Отделены наличие, использование и результат","todo","","","2026-10-05","","Задание по очереди; будущие файлы ещё не созданы","12","https://github.com/vladimirutkin2mn-lgtm/b2b_credit_market_research/issues/12"
"BB-08","Экономика и переход к кредиту","BB-05|BB-07","docs/b2b_banking/economics_and_credit_bridge.md","Известны роли, затраты, риск, сроки и недостающие показатели","todo","","","2026-10-05","","Задание по очереди; будущие файлы ещё не созданы","12","https://github.com/vladimirutkin2mn-lgtm/b2b_credit_market_research/issues/12"
"BB-09","Новые продукты и функции","BB-05|BB-06","docs/b2b_banking/product_innovation_catalog.md|data/b2b_banking/features.csv","Даты и доступность проверены; анонсы отделены","todo","","","2026-10-05","","Задание по очереди; будущие файлы ещё не созданы","12","https://github.com/vladimirutkin2mn-lgtm/b2b_credit_market_research/issues/12"
"BB-10","Применимость и инициативы Ozon Банка","BB-07|BB-08|BB-09","docs/b2b_banking/russia_transferability.md|docs/b2b_banking/ozon_opportunities_and_pilots.md|data/b2b_banking/opportunities.csv","У идеи есть сегмент, механизм, тест, предпосылки и ограничения","todo","","","2026-10-05","","Задание по очереди; будущие файлы ещё не созданы","12","https://github.com/vladimirutkin2mn-lgtm/b2b_credit_market_research/issues/12"
"BB-11","Проверка и результаты гипотез","BB-10","docs/b2b_banking/validation_review.md|docs/b2b_banking/hypothesis_results.md","Важные тезисы проверены; ошибки исправлены; пробелы отражены","todo","","","2026-10-05","","Задание по очереди; будущие файлы ещё не созданы","12","https://github.com/vladimirutkin2mn-lgtm/b2b_credit_market_research/issues/12"
"BB-12","Русский отчёт и проверенный PDF","BB-11","reports/b2b_banking/report_ru.md|reports/b2b_banking/b2b_banking_external_growth_ru.pdf","Проверены факты, цифры, русский язык и все страницы PDF","todo","","","2026-10-05","","Задание по очереди; будущие файлы ещё не созданы","13","https://github.com/vladimirutkin2mn-lgtm/b2b_credit_market_research/issues/13"
