artifact_path,applicability,research_date_declared,audit_date,source_quality_scope,decision,reusable_content,specific_gap,next_task,primary_revalidation,audit_confidence,input_commit
"README.md","навигация","not_separately_verified","2026-10-05","Методология или аналитический синтез; не самостоятельное доказательство всех рыночных фактов","использовать","Навигация по прежнему исследованию","Не заменяет доказательства нового направления","BB-02","not_revalidated_in_BB01","High_artifact_structure_only","4cf67d887d11fa964353397a73f5da50b0d98748"
"docs/research_plan.md","методология","not_separately_verified","2026-10-05","Методология или аналитический синтез; не самостоятельное доказательство всех рыночных фактов","использовать","Исходный план как история объёма","Кредитный цикл отличается от нового пути привлечения и активации","BB-02","not_revalidated_in_BB01","High_artifact_structure_only","4cf67d887d11fa964353397a73f5da50b0d98748"
"docs/consulting_quality_standard.md","методология","not_separately_verified","2026-10-05","Методология или аналитический синтез; не самостоятельное доказательство всех рыночных фактов","использовать","Стандарт доказательств и сравнения","Применить к новым источникам; сам по себе не проверяет факты","BB-02","not_revalidated_in_BB01","High_artifact_structure_only","4cf67d887d11fa964353397a73f5da50b0d98748"
"docs/executive_synthesis.md","кредит|экономика","not_separately_verified","2026-10-05","Методология или аналитический синтез; не самостоятельное доказательство всех рыночных фактов","обновить","Карта механизмов и ограничений финансового сравнения","Пересобрать выводы под внешнее привлечение; не переносить приоритет существующей базы","BB-07|BB-08","not_revalidated_in_BB01","High_artifact_structure_only","4cf67d887d11fa964353397a73f5da50b0d98748"
"docs/pattern_library.md","кредит|дистрибуция","not_separately_verified","2026-10-05","Методология или аналитический синтез; не самостоятельное доказательство всех рыночных фактов","использовать","Десять механизмов как гипотезы","Экономические каналы и применимость не равны измеренному эффекту","BB-07|BB-08|BB-10","not_revalidated_in_BB01","High_artifact_structure_only","4cf67d887d11fa964353397a73f5da50b0d98748"
"docs/final_evidence_index.md","навигация","not_separately_verified","2026-10-05","Методология или аналитический синтез; не самостоятельное доказательство всех рыночных фактов","использовать","Путь к прежним источникам и материалам","Каждый существенный тезис требует проверки первичного фрагмента","BB-03|BB-05","not_revalidated_in_BB01","High_artifact_structure_only","4cf67d887d11fa964353397a73f5da50b0d98748"
"docs/remaining_evidence_gaps.md","ограничения","not_separately_verified","2026-10-05","Методология или аналитический синтез; не самостоятельное доказательство всех рыночных фактов","использовать","Прежние оговорки по кредитным данным","Дополнить пробелами активации и совместной экономики","BB-08","not_revalidated_in_BB01","High_artifact_structure_only","4cf67d887d11fa964353397a73f5da50b0d98748"
"docs/product_feature_comparison.md","кредит","not_separately_verified","2026-10-05","Методология или аналитический синтез; не самостоятельное доказательство всех рыночных фактов","обновить","Структура сравнения кредитных возможностей","Нет полной карты регулярных финансовых задач; проверить текущую доступность","BB-05|BB-09","not_revalidated_in_BB01","High_artifact_structure_only","4cf67d887d11fa964353397a73f5da50b0d98748"
"docs/visual_customer_journey_atlas.md","кредит|экраны","not_separately_verified","2026-10-05","Методология или аналитический синтез; не самостоятельное доказательство всех рыночных фактов","обновить","Кредитные сценарии и ссылки на иллюстрации","Сверить оценки экранов с аудитом; отделить UI от текстового описания; добавить приход и активацию","BB-06","not_revalidated_in_BB01","High_artifact_structure_only","4cf67d887d11fa964353397a73f5da50b0d98748"
"docs/screen_evidence_audit.md","экраны","not_separately_verified","2026-10-05","Методология или аналитический синтез; не самостоятельное доказательство всех рыночных фактов","обновить","Разделение screen/interactive/stage evidence","Оценки расходятся с итоговой таблицей атласа; проверять отдельные этапы","BB-06","not_revalidated_in_BB01","High_artifact_structure_only","4cf67d887d11fa964353397a73f5da50b0d98748"
"docs/risk_economics_benchmark.md","кредит|экономика","not_separately_verified","2026-10-05","Методология или аналитический синтез; не самостоятельное доказательство всех рыночных фактов","обновить","Финансовые оговорки и типы показателей","Восстановить первичный источник каждого числового наблюдения","BB-08","not_revalidated_in_BB01","High_artifact_structure_only","4cf67d887d11fa964353397a73f5da50b0d98748"
"docs/final_executive_report.md","кредит|выводы","not_separately_verified","2026-10-05","Методология или аналитический синтез; не самостоятельное доказательство всех рыночных фактов","обновить","Предыдущий синтез и границы сравнения","Не является ответом о росте внешней активной базы","BB-07|BB-08|BB-10","not_revalidated_in_BB01","High_artifact_structure_only","4cf67d887d11fa964353397a73f5da50b0d98748"
"docs/target_operating_model_blueprint.md","операционная модель","not_separately_verified","2026-10-05","Методология или аналитический синтез; не самостоятельное доказательство всех рыночных фактов","использовать","Разделение процессов и ролей","Порядок внедрения для банка с собственной базой не переносить автоматически на Ozon","BB-10","not_revalidated_in_BB01","High_artifact_structure_only","4cf67d887d11fa964353397a73f5da50b0d98748"
"docs/business_case_framework.md","экономика","not_separately_verified","2026-10-05","Методология или аналитический синтез; не самостоятельное доказательство всех рыночных фактов","использовать","Приращённая ценность и чувствительности","Добавить привлечение/активацию РКО; контролировать двойной счёт FTP и доходов","BB-08","not_revalidated_in_BB01","High_artifact_structure_only","4cf67d887d11fa964353397a73f5da50b0d98748"
"docs/observable_benchmark_envelope.md","сроки|экономика","not_separately_verified","2026-10-05","Методология или аналитический синтез; не самостоятельное доказательство всех рыночных фактов","обновить","Структура сценариев и ограничений","Заявленный срок провайдера не равен измеренному фактическому времени","BB-08","not_revalidated_in_BB01","High_artifact_structure_only","4cf67d887d11fa964353397a73f5da50b0d98748"
"docs/market_infrastructure.md","применимость","not_separately_verified","2026-10-05","Методология или аналитический синтез; не самостоятельное доказательство всех рыночных фактов","обновить","Вопросы об инфраструктуре данных и гарантий","Перепроверить действующие официальные правила; российская применимость отдельно","BB-10","not_revalidated_in_BB01","High_artifact_structure_only","4cf67d887d11fa964353397a73f5da50b0d98748"
"data/player_universe.csv","кандидаты","not_separately_verified","2026-10-05","Структурированная база; качество конкретного факта требует связи с первичным источником","обновить","43 кандидата и предварительные архетипы","Проверить действующий продукт; разделить access/publication/period вместо неоднозначной даты","BB-03","not_revalidated_in_BB01","High_artifact_structure_only","4cf67d887d11fa964353397a73f5da50b0d98748"
"data/metric_dictionary.csv","определения","not_separately_verified","2026-10-05","Структурированная база; качество конкретного факта требует связи с первичным источником","использовать","Кредитные определения как исходная рамка","Добавить активность и когорты; не смешивать открытия и клиентов","BB-02","not_revalidated_in_BB01","High_artifact_structure_only","4cf67d887d11fa964353397a73f5da50b0d98748"
"data/country_sme_definitions.csv","сегменты","not_separately_verified","2026-10-05","Структурированная база; качество конкретного факта требует связи с первичным источником","обновить","Страновые определения как указатель","Официальные действующие определения и правовые формы; не переносить SME пороги между странами","BB-02","not_revalidated_in_BB01","High_artifact_structure_only","4cf67d887d11fa964353397a73f5da50b0d98748"
"data/product_feature_matrix.csv","кредит|функции","not_separately_verified","2026-10-05","Структурированная база; качество конкретного факта требует связи с первичным источником","обновить","18 строк кредитных возможностей","Источник/уверенность на каждую функцию; no без доказательства не считать отсутствием","BB-05|BB-09","not_revalidated_in_BB01","High_artifact_structure_only","4cf67d887d11fa964353397a73f5da50b0d98748"
"data/journey_comparison.csv","кредит|путь","not_separately_verified","2026-10-05","Структурированная база; качество конкретного факта требует связи с первичным источником","обновить","13 структурированных путей","Нет строк для Rabobank/Funding Circle/SBI/UGRO/Bibby; нет полной активации","BB-06","not_revalidated_in_BB01","High_artifact_structure_only","4cf67d887d11fa964353397a73f5da50b0d98748"
"data/risk_economics_benchmark.csv","экономика","not_separately_verified","2026-10-05","Структурированная база; качество конкретного факта требует связи с первичным источником","обновить","39 наблюдений с периодом и scope","Нет прямого source_id/URL; импорт чисел только после восстановления происхождения","BB-08","not_revalidated_in_BB01","High_artifact_structure_only","4cf67d887d11fa964353397a73f5da50b0d98748"
"data/transferability_matrix.csv","применимость","not_separately_verified","2026-10-05","Структурированная база; качество конкретного факта требует связи с первичным источником","обновить","Вопросы переносимости","Пересчитать под задачи Ozon и текущую Россию; высокая применимость не равна уверенному эффекту","BB-10","not_revalidated_in_BB01","High_artifact_structure_only","4cf67d887d11fa964353397a73f5da50b0d98748"
"data/opportunity_map.csv","идеи","not_separately_verified","2026-10-05","Структурированная база; качество конкретного факта требует связи с первичным источником","использовать","Список кредитных направлений как гипотезы","Новый отбор по внешнему привлечению и стоимости активации; без прогнозов эффекта","BB-10","not_revalidated_in_BB01","High_artifact_structure_only","4cf67d887d11fa964353397a73f5da50b0d98748"
"data/target_kpi_tree.csv","определения|кредит","not_separately_verified","2026-10-05","Структурированная база; качество конкретного факта требует связи с первичным источником","использовать","40 концептуальных KPI","Добавить верх воронки; это не наблюдаемые значения и не доказанные цели","BB-02|BB-08","not_revalidated_in_BB01","High_artifact_structure_only","4cf67d887d11fa964353397a73f5da50b0d98748"
"templates/internal_bank_data_request.md","внутренние данные","not_separately_verified","2026-10-05","Методология или аналитический синтез; не самостоятельное доказательство всех рыночных фактов","использовать","Вопросы о процессе и кредитной экономике","Добавить когорты РКО и некредитные продукты; ответы только в разрешённой среде","BB-10","not_revalidated_in_BB01","High_artifact_structure_only","4cf67d887d11fa964353397a73f5da50b0d98748"
"data/b2b_banking/sources.csv","доказательства","2026-10-05","2026-10-05","Структурированная база; качество конкретного факта требует связи с первичным источником","использовать","7 стартовых первичных источников","Ограничения сохранять; наличие страницы не равно результату или новизне","BB-03|BB-05","seed_checks_from_BB00_not_full_revalidation","High_artifact_structure_only","4cf67d887d11fa964353397a73f5da50b0d98748"
"data/b2b_banking/claims.csv","функции|кредит","2026-10-05","2026-10-05","Структурированная база; качество конкретного факта требует связи с первичным источником","использовать","10 стартовых ограниченных продуктовых наблюдений","Не доказывают использование и эффект; не расширять на другие географии","BB-03|BB-05","seed_checks_from_BB00_not_full_revalidation","High_artifact_structure_only","4cf67d887d11fa964353397a73f5da50b0d98748"
"docs/b2b_banking/remaining_evidence_gaps.md","ограничения","not_separately_verified","2026-10-05","Методология или аналитический синтез; не самостоятельное доказательство всех рыночных фактов","использовать","10 пробелов нового направления","Дополнить результатами структурного аудита","BB-02","not_revalidated_in_BB01","High_artifact_structure_only","4cf67d887d11fa964353397a73f5da50b0d98748"
"companies/australia/commbank.md","кредит|поисковая зацепка","2026-10-02","2026-10-05","Первичные продуктовые/отчётные ссылки и аналитическая интерпретация; вложенные источники целиком не перепроверены","обновить","Кредитный механизм и ссылки прежнего профиля","Привлечение и перенос операций; активность и переход нового клиента к кредиту","BB-03|BB-05","partial_one_primary_page_revalidated_2026-10-05","High_artifact_structure_only","4cf67d887d11fa964353397a73f5da50b0d98748"
"companies/australia/judo.md","кредит|поисковая зацепка","2026-10-02","2026-10-05","Первичные продуктовые/отчётные ссылки и аналитическая интерпретация; вложенные источники целиком не перепроверены","обновить","Кредитный механизм и ссылки прежнего профиля","Дистрибуция и расходы специалиста; не предполагать массовый путь самостоятельного РКО","BB-03|BB-05","not_revalidated_in_BB01","High_artifact_structure_only","4cf67d887d11fa964353397a73f5da50b0d98748"
"companies/brazil/itau.md","кредит|поисковая зацепка","2026-10-02","2026-10-05","Первичные продуктовые/отчётные ссылки и аналитическая интерпретация; вложенные источники целиком не перепроверены","обновить","Кредитный механизм и ссылки прежнего профиля","Активация малого бизнеса; отдельно юрлица и групповая экономика","BB-03|BB-05","not_revalidated_in_BB01","High_artifact_structure_only","4cf67d887d11fa964353397a73f5da50b0d98748"
"companies/brazil/nubank.md","кредит|поисковая зацепка","2026-10-02","2026-10-05","Первичные продуктовые/отчётные ссылки и аналитическая интерпретация; вложенные источники целиком не перепроверены","обновить","Кредитный механизм и ссылки прежнего профиля","Активность PJ и доля юрлиц; миграция; не подменять продукт группой","BB-03|BB-05","not_revalidated_in_BB01","High_artifact_structure_only","4cf67d887d11fa964353397a73f5da50b0d98748"
"companies/brazil/stone.md","кредит|поисковая зацепка","2026-10-02","2026-10-05","Первичные продуктовые/отчётные ссылки и аналитическая интерпретация; вложенные источники целиком не перепроверены","обновить","Кредитный механизм и ссылки прежнего профиля","Приход торговца и регулярность платежей; совместная экономика","BB-03|BB-05","not_revalidated_in_BB01","High_artifact_structure_only","4cf67d887d11fa964353397a73f5da50b0d98748"
"companies/germany/commerzbank.md","кредит|поисковая зацепка","2026-10-02","2026-10-05","Первичные продуктовые/отчётные ссылки и аналитическая интерпретация; вложенные источники целиком не перепроверены","обновить","Кредитный механизм и ссылки прежнего профиля","Первая полезная операция; стоимость специалиста; фактические экраны","BB-03|BB-05","not_revalidated_in_BB01","High_artifact_structure_only","4cf67d887d11fa964353397a73f5da50b0d98748"
"companies/germany/iwoca.md","кредит|поисковая зацепка","2026-10-02","2026-10-05","Первичные продуктовые/отчётные ссылки и аналитическая интерпретация; вложенные источники целиком не перепроверены","обновить","Кредитный механизм и ссылки прежнего профиля","Каналы нового клиента и стоимость внешних данных; эффект не установлен","BB-03|BB-05","partial_one_primary_page_revalidated_2026-10-05","High_artifact_structure_only","4cf67d887d11fa964353397a73f5da50b0d98748"
"companies/india/sbi.md","кредит|поисковая зацепка","2026-10-02","2026-10-05","Первичные продуктовые/отчётные ссылки и аналитическая интерпретация; вложенные источники целиком не перепроверены","обновить","Кредитный механизм и ссылки прежнего профиля","Активация нового бизнеса; современный UI против исторических иллюстраций","BB-03|BB-05","not_revalidated_in_BB01","High_artifact_structure_only","4cf67d887d11fa964353397a73f5da50b0d98748"
"companies/india/ugro.md","кредит|поисковая зацепка","2026-10-02","2026-10-05","Первичные продуктовые/отчётные ссылки и аналитическая интерпретация; вложенные источники целиком не перепроверены","обновить","Кредитный механизм и ссылки прежнего профиля","Роль партнёра в привлечении/данных/риске; интерфейс и экономика канала","BB-03|BB-05","not_revalidated_in_BB01","High_artifact_structure_only","4cf67d887d11fa964353397a73f5da50b0d98748"
"companies/mexico/konfio.md","кредит|поисковая зацепка","2026-10-02","2026-10-05","Первичные продуктовые/отчётные ссылки и аналитическая интерпретация; вложенные источники целиком не перепроверены","обновить","Кредитный механизм и ссылки прежнего профиля","Регулярная задача до кредита; роль некредитных функций и доля юрлиц","BB-03|BB-05","not_revalidated_in_BB01","High_artifact_structure_only","4cf67d887d11fa964353397a73f5da50b0d98748"
"companies/mexico/mercado_pago.md","кредит|поисковая зацепка","2026-10-02","2026-10-05","Первичные продуктовые/отчётные ссылки и аналитическая интерпретация; вложенные источники целиком не перепроверены","обновить","Кредитный механизм и ссылки прежнего профиля","Активность бизнеса против потребительской базы; согласованность оценок экранов","BB-03|BB-05","not_revalidated_in_BB01","High_artifact_structure_only","4cf67d887d11fa964353397a73f5da50b0d98748"
"companies/netherlands/floryn.md","кредит|поисковая зацепка","2026-10-02","2026-10-05","Первичные продуктовые/отчётные ссылки и аналитическая интерпретация; вложенные источники целиком не перепроверены","обновить","Кредитный механизм и ссылки прежнего профиля","Первичное привлечение и повторное использование; экономика внешних данных","BB-03|BB-05","not_revalidated_in_BB01","High_artifact_structure_only","4cf67d887d11fa964353397a73f5da50b0d98748"
"companies/netherlands/rabobank.md","кредит|поисковая зацепка","2026-10-02","2026-10-05","Первичные продуктовые/отчётные ссылки и аналитическая интерпретация; вложенные источники целиком не перепроверены","обновить","Кредитный механизм и ссылки прежнего профиля","Путь клиента другого банка и требования счёта позже; таблица пути и экраны","BB-03|BB-05","partial_one_primary_page_revalidated_2026-10-05","High_artifact_structure_only","4cf67d887d11fa964353397a73f5da50b0d98748"
"companies/uk/allica.md","кредит|поисковая зацепка","2026-10-02","2026-10-05","Первичные продуктовые/отчётные ссылки и аналитическая интерпретация; вложенные источники целиком не перепроверены","обновить","Кредитный механизм и ссылки прежнего профиля","Миграция операций; сегменты; совместная экономика РКО и кредита","BB-03|BB-05","not_revalidated_in_BB01","High_artifact_structure_only","4cf67d887d11fa964353397a73f5da50b0d98748"
"companies/uk/bibby_financial_services.md","кредит|поисковая зацепка","2026-10-02","2026-10-05","Первичные продуктовые/отчётные ссылки и аналитическая интерпретация; вложенные источники целиком не перепроверены","обновить","Кредитный механизм и ссылки прежнего профиля","Первая переданная дебиторка и регулярность; расходы портала и обслуживания","BB-03|BB-05","not_revalidated_in_BB01","High_artifact_structure_only","4cf67d887d11fa964353397a73f5da50b0d98748"
"companies/uk/funding_circle.md","кредит|поисковая зацепка","2026-10-02","2026-10-05","Первичные продуктовые/отчётные ссылки и аналитическая интерпретация; вложенные источники целиком не перепроверены","обновить","Кредитный механизм и ссылки прежнего профиля","Каналы новых клиентов; актуальные роли партнёров; различать периоды модели","BB-03|BB-05","not_revalidated_in_BB01","High_artifact_structure_only","4cf67d887d11fa964353397a73f5da50b0d98748"
"companies/us/american_express_bloc.md","кредит|поисковая зацепка","2026-10-02","2026-10-05","Первичные продуктовые/отчётные ссылки и аналитическая интерпретация; вложенные источники целиком не перепроверены","обновить","Кредитный механизм и ссылки прежнего профиля","Первичное привлечение; отношения до кредита; отдельная экономика продукта","BB-03|BB-05","not_revalidated_in_BB01","High_artifact_structure_only","4cf67d887d11fa964353397a73f5da50b0d98748"
"companies/us/square_loans.md","кредит|поисковая зацепка","2026-10-02","2026-10-05","Первичные продуктовые/отчётные ссылки и аналитическая интерпретация; вложенные источники целиком не перепроверены","обновить","Кредитный механизм и ссылки прежнего профиля","Приход и активация продавца; внешний счёт; не подменять продукт результатом Block","BB-03|BB-05","not_revalidated_in_BB01","High_artifact_structure_only","4cf67d887d11fa964353397a73f5da50b0d98748"
