"screen_id","company","geography","scenario_id","journey_step_ids","stage","original_url","local_path","published_or_capture_date","accessed_date","evidence_type","what_it_proves","source_ids","verification_status","limitations"
"BB-V0001","Qonto","France","BB-QFR-02","BB-J0005","credit_offer","https://support-fr.qonto.com/hc/article_attachments/41979282301457","","unknown","2026-10-07","official_help_illustration_link","Справка привязывает иллюстрацию к активации PayLater; визуальный анализ не завершён","BB-S0050|BB-S0029","linked_not_visually_verified","Не текущая пройденная заявка; содержимое не получено для надёжной визуальной проверки."
"BB-V0002","Qonto","France","BB-QFR-02","BB-J0005","not_eligible","https://support-fr.qonto.com/hc/article_attachments/41979233392913","","unknown","2026-10-07","official_help_illustration_link","Справка связывает иллюстрацию с недопуском и внешним счётом","BB-S0051|BB-S0029","linked_not_visually_verified","Не доказательство реального отказа/точных полей формы."
"BB-V0003","Allica Bank","United Kingdom","BB-AUK-02","BB-J0014|BB-J0015|BB-J0016","credit_application","","","unknown","2026-10-07","screen_evidence_missing","Публичная инструкция описывает путь; экран после входа не получен","BB-S0040","missing","Нельзя считать маркетинговые иконки пройденными экранами."
"BB-V0004","Tide","United Kingdom","tide_uk_credit_flex_reimbursement","BB-J0028|BB-J0029|BB-J0030","offer|acceptance|servicing","https://www.tide.co/help-centre/breeze-through-your-cash-flow-management-with-Credit-Flex/","","","2026-10-07","screen_evidence_missing","Текстовый источник подтверждает порядок действий; вид реального интерфейса не подтверждён.","BB-S0061","missing_not_visually_verified","Закрытая часть не наблюдалась; официальный маркетинговый макет не принят за реальный экран."
"BB-V0005","Tide","United Kingdom","tide_uk_formation_account","BB-J0019|BB-J0020|BB-J0021","onboarding","https://www.tide.co/help-centre/becoming-a-tide-member/","","","2026-10-07","screen_evidence_missing","Текстовый источник подтверждает порядок действий; вид реального интерфейса не подтверждён.","BB-S0053","missing_not_visually_verified","Закрытая часть не наблюдалась; официальный маркетинговый макет не принят за реальный экран."
"BB-V0006","Mercury","United States","mercury_US_account","BB-J0034|BB-J0035|BB-J0036|BB-J0037|BB-J0038","account_to_credit","https://mercury.com/business-banking","","","2026-10-07","screen_evidence_missing","Текст/ссылки на официальный макет; не визуально проверенный экран и не observed journey","BB-S0091|BB-S0079|BB-S0093|BB-S0085","missing_visual_verification","Закрытый UI не получен; связанный макет не наблюдение. Books также требует BB-06."
"BB-V0007","Mercury","United States","mercury_US_IO_only","BB-J0039|BB-J0040|BB-J0041|BB-J0042","IO_only","https://support.mercury.com/hc/en-us/articles/44279923157780-Using-IO-without-a-Mercury-account","","","2026-10-07","screen_evidence_missing","Текст/ссылки на официальный макет; не визуально проверенный экран и не observed journey","BB-S0091|BB-S0079|BB-S0093|BB-S0085","missing_visual_verification","Закрытый UI не получен; связанный макет не наблюдение. Books также требует BB-06."
"BB-V0008","Mercury","United States","mercury_US_WC_first","BB-J0043|BB-J0044|BB-J0045|BB-J0046|BB-J0047","credit_before_account","https://mercury.com/working-capital-loans","","","2026-10-07","screen_evidence_missing","Текст/ссылки на официальный макет; не визуально проверенный экран и не observed journey","BB-S0091|BB-S0079|BB-S0093|BB-S0085","missing_visual_verification","Закрытый UI не получен; связанный макет не наблюдение. Books также требует BB-06."
"BB-V0009","Mercury","United States","mercury_US_Command","BB-J0049","AI_review_and_approval","https://mercury.com/command","","","2026-10-07","screen_evidence_missing","Текст/ссылки на официальный макет; не визуально проверенный экран и не observed journey","BB-S0091|BB-S0079|BB-S0093|BB-S0085","missing_visual_verification","Закрытый UI не получен; связанный макет не наблюдение. Books также требует BB-06."
