"player_id","company","selected_market","entry_motive_tags","channel_tags","source_ids","claim_ids","selection_reason","test_question","profile_status","limitations"
"qonto","Qonto","France","account|workflow","direct","BB-S0013","BB-C0016|BB-C0017","Смешение собственной и партнёрской кредитной модели внутри одного интерфейса","Нужен ли основной счёт для кредитной конверсии или достаточно внешних данных?","done","Разделить юридических кредиторов и дату запуска; проверить допустимые формы; не переносить условия из Нидерландов. BB-04: подробный профиль принят с явными пробелами; finance/screens/cohorts требуют BB-06/08."
"tide","Tide","United Kingdom","account|workflow","direct","BB-S0014|BB-S0027|BB-S0053|BB-S0060|BB-S0063|BB-S0069","BB-C0018|BB-C0019|BB-C0046|BB-C0085|BB-C0095|BB-C0104","Вход через регистрацию/счёт плюс инструменты малого бизнеса","Какая полезная операция активирует клиента после открытия?","done","Публичный профиль принят; первичные финансовые PDF/iXBRL не прочитаны, активность/когорты неизвестны; BB-X0004–0007, BB-G24–26."
"mercury","Mercury","United States","account|workflow|credit","direct","BB-S0015|BB-S0079|BB-S0081|BB-S0088|BB-S0093|BB-S0097","BB-C0020|BB-C0021|BB-C0115|BB-C0116|BB-C0126|BB-C0131|BB-C0136","Партнёрская банковская инфраструктура с переходом к собственному банку","Как меняются возможности и экономика при переходе к банковской лицензии?","done","Публичный профиль принят; аудированные финансовые данные/когорты, индивидуальные договоры и real UI не получены. BB-G27–29; BB-X0008–0011. IO-only early access; банк условно одобрен."
"allica","Allica Bank","United Kingdom","account|credit","direct","BB-S0016","BB-C0022|BB-C0023","Контраст с платформами микробизнеса: банк для действующих предприятий","Может ли кредит привлекать клиента, который затем переносит обороты?","done","Проверить запись регулятора и точную логику входных требований; групповые продукты не смешивать. BB-04: подробный профиль принят с явными пробелами; finance/screens/cohorts требуют BB-06/08."
"ramp","Ramp","United States","workflow|payments","direct|accounting_partner","BB-S0017|BB-S0099|BB-S0107|BB-S0120|BB-S0104","BB-C0024|BB-C0025|BB-C0147|BB-C0159|BB-C0160|BB-C0158","Регулярная финансовая задача раньше основного банковского счёта","Даёт ли контроль расходов устойчивый источник данных для кредитного предложения?","done","Принят публичный US-профиль с BB-G30–32. Cash-backed режимы отдельно; current Flex origination/risk/полные договоры неизвестны; CAC/credit profit не доказаны."
"square","Square","United States","payments|credit","direct","BB-S0127|BB-S0128|BB-S0129|BB-S0130|BB-S0131|BB-S0132|BB-S0133|BB-S0134|BB-S0135|BB-S0136|BB-S0137|BB-S0138|BB-S0139|BB-S0140|BB-S0141|BB-S0142|BB-S0143|BB-S0144|BB-S0145|BB-S0146|BB-S0147|BB-S0148|BB-S0149|BB-S0150|BB-S0151|BB-S0152|BB-S0153|BB-S0154|BB-S0155|BB-S0156|BB-S0157|BB-S0158|BB-S0159|BB-S0160","BB-C0176|BB-C0177|BB-C0178|BB-C0179|BB-C0180|BB-C0181|BB-C0182|BB-C0183|BB-C0184|BB-C0185|BB-C0186|BB-C0187|BB-C0188|BB-C0189|BB-C0190|BB-C0191|BB-C0192|BB-C0193|BB-C0194|BB-C0195|BB-C0196|BB-C0197|BB-C0198|BB-C0199|BB-C0200|BB-C0201|BB-C0202|BB-C0203|BB-C0204|BB-C0205|BB-C0206|BB-C0207|BB-C0208","Кредит на данных платёжной истории и удержание из продаж","Сколько времени и оборота нужно для пригодности и что происходит при падении продаж?","done","Accepted bounded public US profile; BB-G33–35; no cohort economics or observed complete UI."
"toast","Toast","United States","workflow|payments","direct|software","BB-S0161|BB-S0162|BB-S0163|BB-S0164|BB-S0165|BB-S0166|BB-S0167|BB-S0168|BB-S0169|BB-S0170|BB-S0171|BB-S0172|BB-S0173|BB-S0174|BB-S0175|BB-S0176|BB-S0177|BB-S0178|BB-S0179|BB-S0180|BB-S0181|BB-S0182|BB-S0183|BB-S0184|BB-S0185|BB-S0186|BB-S0187|BB-S0188|BB-S0189|BB-S0190|BB-S0191|BB-S0192|BB-S0193","BB-C0209|BB-C0210|BB-C0211|BB-C0212|BB-C0213|BB-C0214|BB-C0215|BB-C0216|BB-C0217|BB-C0218|BB-C0219|BB-C0220|BB-C0221|BB-C0222|BB-C0223|BB-C0224|BB-C0225|BB-C0226|BB-C0227|BB-C0228|BB-C0229|BB-C0230|BB-C0231|BB-C0232|BB-C0233|BB-C0234|BB-C0235|BB-C0236|BB-C0237|BB-C0238|BB-C0239|BB-C0240","Вертикальный сервис с единым финансовым центром","Как финцентр переводит ежедневный ресторанный процесс в счёт и кредит?","done","Bounded US public profile; BB-G36–38; current card/fee/vintage and full UI unknown; limited Welcome/Conditional retained."
"iwoca","iwoca","Germany","credit","direct|broker","BB-S0009","BB-C0030|BB-C0031","Кредитный вход с данными внешнего банковского счёта","В каких сегментах кредитный вход работает без собственного РКО?","todo","Оператор сайта не обязательно договорный кредитор; реальные сроки и потери неизвестны."
"youlend","YouLend","United Kingdom","credit","partner","BB-S0019","BB-C0032|BB-C0033","Доступ к внешней базе через платёжные, программные и торговые платформы","Можно ли переносить механизм на партнёров вне Ozon без зависимости от одного маркетплейса?","todo","MCA не приравнивать к банковскому кредиту; регулирование платежей не означает регулирование merchant financing."
"stone","Stone","Brazil","payments|account|credit","direct","BB-S0020","BB-C0034|BB-C0035","Связка оборотов, предодобренного предложения и удержания поступлений","Когда перевод поступлений полезен клиенту, а когда ограничивает выбор банка?","todo","Не называть Stone IP банком по слогану; удержания, гарантии и кредитора проверить в договоре."
"razorpayx","RazorpayX","India","workflow|account","direct|software","BB-S0021","BB-C0036|BB-C0037","Программная финансовая задача поверх нескольких банков","Можно ли привлекать клиента автоматизацией выплат без немедленной смены основного банка?","todo","На странице разные списки партнёров/повторяющиеся блоки; точный состав и доступность проверить по продукту, не объединять."
"airwallex","Airwallex","Australia","payments|workflow","direct|api","BB-S0022","BB-C0038|BB-C0039","Трансграничная потребность с регулярным рабочим процессом","Создаёт ли международный платёжный сервис полезную кредитную базу или остаётся отдельным продуктом?","todo","Есть географически смешанный текст (например Canadian bills); не переносить любые условия без AU help/terms."
"wise_business","Wise Business","United Kingdom","payments","direct","BB-S0023|BB-S0026","BB-C0040|BB-C0041|BB-C0045","Платёжная полезность без предпосылки обязательной кредитной монетизации","Может ли большая платёжная база быть ценной, но слабой для кредитной конверсии?","todo","US-статья 2024 прямо говорит об отсутствии кредита, но не доказывает состояние UK 2026; контрольный статус предварительный."
"funding_circle","Funding Circle","United Kingdom","credit|workflow","direct|partner","BB-S0024|BB-S0025","BB-C0042|BB-C0043|BB-C0044","Кредитный вход и изменившаяся международная модель","Что изменилось после продажи US-бизнеса и расширения коротких кредитных продуктов?","todo","Продажа US в 2024 не доказательство неработоспособности всей модели; US не считать текущим рынком группы."
