"source_id","title","publisher","url","source_type","geography","publication_date","updated_date","accessed_date","data_period","locator","access_status","local_path","limitations"
"BB-S0001","Business financing for companies and freelancers","Qonto","https://qonto.com/en-nl/financing","official_product","Netherlands","unknown","unknown","2026-10-05","current_page_at_access","Top partners selected for you; footnotes","opened","","Локальная версия; не доказывает выдачи или экономику; условия каждого партнёра требуют отдельной проверки"
"BB-S0002","How do I generate a customer invoice?","Qonto","https://support-nl.qonto.com/hc/en-us/articles/36697760093329-How-do-I-generate-a-customer-invoice","official_help","Netherlands_localized_help","unknown","2026-06-04","2026-10-05","current_help_at_access","How do I create and configure my invoice; Payment methods; How can I send my invoice","opened","","Локальная справка; не переносить условия и налоговую применимость на другие страны"
"BB-S0003","Bill Pay overview","Mercury","https://support.mercury.com/hc/en-us/articles/28768945847316-Bill-Pay-overview","official_help","United States","unknown","unknown","2026-10-05","current_help_at_access","Opening paragraph; Setting up Bill Pay; Reviewing and organizing bills","opened","","Описание функции; нет доказательства её использования и экономического эффекта"
"BB-S0004","How to take out and manage your Credit Flex","Tide","https://www.tide.co/help-centre/breeze-through-your-cash-flow-management-with-Credit-Flex/","official_help","United Kingdom","unknown","unknown","2026-10-05","current_help_at_access","Check your Credit Flex eligibility; Cover costs with Credit Flex","opened","","Официально описанный путь; текущие полные кредитные условия и кредитор требуют отдельной проверки"
"BB-S0005","Review loan eligibility requirements","Square","https://squareup.com/help/us/en/article/8544-review-loan-eligibility-requirements","official_help","United States","unknown","unknown","2026-10-05","current_help_at_access","Loan eligibility factors; Connect an external bank account; Review loan denial reasons","opened","","Подключение внешнего счёта необязательно и не гарантирует кредит; причинный эффект не раскрыт"
"BB-S0006","A five-step guide to switching to Mercury","Mercury","https://cdn.mercury.com/static/pdf/SwitchingToMercuryInFiveSteps.pdf","official_guide_pdf","United States","unknown","unknown","2026-10-05","undated_guide_available_at_access","Page 1: Review and update your payments; Integrate your account with relevant tools","opened","","Недатированный официальный документ; не доказывает результат смены банка или текущий интерфейс"
"BB-S0007","Finance Page Overview","Toast","https://support.toasttab.com/en/article/Finance-Page-Overview","official_help","United States","unknown","2026-05-12","2026-10-05","current_help_at_access","Available Financial Products; footnotes 2-4","opened","","Доступность отдельных продуктов ограничена; наличие экрана в справке ещё не означает его визуальную проверку"
"BB-S0008","BetterBusiness Loan - Small business loan","CommBank","https://www.commbank.com.au/business/loans-and-finance/betterbusiness-loan.html","official_product","Australia","unknown","unknown","2026-10-05","current_page_at_access; information_current_at_2026-05-15","Already bank with us; How to apply: Existing customers / New customers; footnote","opened","","Текстовая проверка одного маршрута; информационная дата страницы 2026-05-15; не измеренный эффект и не проверка всех тарифов"
"BB-S0009","Kredit für Unternehmen","iwoca","https://www.iwoca.de/kredit-fuer-unternehmen","official_product","Germany","unknown","unknown","2026-10-05","current_page_at_access","Benötigte Unterlagen: Geschäftliche Kontoumsätze; Open Banking / PDF","opened","","Описан способ предоставления данных; не проверены полные договоры и фактическое использование; на странице разные формулировки срока решения"
"BB-S0010","Hoe vraag ik een zakelijke financiering aan?","Rabobank","https://www.rabobank.nl/bedrijven/zakelijk-financieren/hoe-vraag-ik-een-financiering-aan","official_product_help","Netherlands","unknown","unknown","2026-10-05","current_page_at_access","FAQ: Kan ik een financiering of krediet aanvragen zonder jaarcijfers?","opened","","Условный маршрут с дополнительными критериями; не доказывает отсутствие требований к собственному счёту после заявки"
"BB-S0011","Налог на профессиональный доход","ФНС России","https://npd.nalog.ru/","official_regulator_help","Russia","unknown","unknown","2026-10-06","current_page_at_access","Что такое налог на профессиональный доход; Кому подходит этот налоговый режим","opened","","Проверена официальная справка о категориях пользователей; не индивидуальное правовое заключение; дата доступа UTC"
"BB-S0012","SME definition","European Commission DG GROW","https://single-market-economy.ec.europa.eu/smes/sme-fundamentals/sme-definition_en","official_regulator_definition","European Union","unknown","unknown","2026-10-06","current_page_at_access","SME definition: main factors; group figures paragraph","opened","","Назначение определения и учёт группы нельзя переносить на другие страны/продукты; числовые пороги не импортированы; дата доступа UTC"
"BB-S0013","Financement entreprise — Qonto France","Qonto","https://qonto.com/fr/financing","official_product_or_help","France","unknown","unknown","2026-10-06","current_page_at_access","Crédit direct; partenaires; conditions; pied de page ACPR","opened","","Разделить юридических кредиторов и дату запуска; проверить допустимые формы; не переносить условия из Нидерландов. Источник компании; независимая проверка реестра не выполнена."
"BB-S0014","Better business finance — Tide","Tide","https://www.tide.co/","official_product_or_help","United Kingdom","unknown","unknown","2026-10-06","current_page_at_access","Business account; finance tools; financing; footer","opened","","Проверить юридического кредитора Credit Flex и прочих продуктов отдельно; не считать базу регистрации активной. Источник компании; независимая проверка реестра не выполнена."
"BB-S0015","Business Checking & Savings — Mercury","Mercury","https://mercury.com/business-banking","official_product_or_help","United States","unknown","unknown","2026-10-06","current_page_at_access","Is Mercury a real bank?; financial workflows","opened","","Условное одобрение OCC в апреле 2026 не равно запуску банка; лицензирование перепроверить в BB-05. Источник компании; независимая проверка реестра не выполнена."
"BB-S0016","Business current account — Allica","Allica Bank","https://www.allica.bank/business-current-account","official_product_or_help","United Kingdom","unknown","unknown","2026-10-06","current_page_at_access","Eligibility; overdraft; regulatory footer","opened","","Проверить запись регулятора и точную логику входных требований; групповые продукты не смешивать. Источник компании; независимая проверка реестра не выполнена."
"BB-S0017","Ramp — finance operations","Ramp","https://ramp.com/","official_product_or_help","United States","unknown","unknown","2026-10-06","current_page_at_access","Corporate cards; bill payments; issuer disclosures","opened","","Сверить конкретную карточную программу и юридическую форму клиента; раскрытие эмитента не раскрывает распределение риска. Источник компании; независимая проверка реестра не выполнена."
"BB-S0018","Square Loans — US","Square","https://squareup.com/us/en/banking/loans","official_product_or_help","United States","unknown","unknown","2026-10-06","current_page_at_access","Eligibility; repayments; footnote 1","opened","","Статус лицензии SFS отдельно; наличие предложения не означает выдачу или полезную экономику. Источник компании; независимая проверка реестра не выполнена."
"BB-S0019","YouLend — Grow With Flexible Funding","YouLend","https://youlend.com/home-merchants","official_product_or_help","United Kingdom","unknown","unknown","2026-10-06","current_page_at_access","Who is YouLend for?; Open Banking; regulatory information","opened","","MCA не приравнивать к банковскому кредиту; регулирование платежей не означает регулирование merchant financing. Источник компании; независимая проверка реестра не выполнена."
"BB-S0020","Capital de Giro Stone","Stone","https://www.stone.com.br/capital-de-giro","official_product_or_help","Brazil","unknown","unknown","2026-10-06","current_page_at_access","Como funciona; oferta; pagamento; footer","opened","","Не называть Stone IP банком по слогану; удержания, гарантии и кредитора проверить в договоре. Источник компании; независимая проверка реестра не выполнена."
"BB-S0021","RazorpayX — Business Banking Suite","RazorpayX","https://razorpay.com/x/","official_product_or_help","India","unknown","unknown","2026-10-06","current_page_at_access","Current accounts; payouts; payroll; bank disclaimer","opened","","На странице разные списки партнёров/повторяющиеся блоки; точный состав и доступность проверить по продукту, не объединять. Источник компании; независимая проверка реестра не выполнена."
"BB-S0022","Airwallex Australia","Airwallex","https://www.airwallex.com/en-au","official_product_or_help","Australia","unknown","unknown","2026-10-06","current_page_at_access","Business Accounts; Spend; AFSL footer","opened","","Есть географически смешанный текст (например Canadian bills); не переносить любые условия без AU help/terms. Источник компании; независимая проверка реестра не выполнена."
"BB-S0023","Wise Business — UK","Wise Business","https://wise.com/gb/business/","official_product_or_help","United Kingdom","unknown","unknown","2026-10-06","current_page_at_access","International business account; FCA footer","opened","","US-статья 2024 прямо говорит об отсутствии кредита, но не доказывает состояние UK 2026; контрольный статус предварительный. Источник компании; независимая проверка реестра не выполнена."
"BB-S0024","Funding Circle — UK business finance","Funding Circle","https://www.fundingcircle.com/uk/","official_product_or_help","United Kingdom","unknown","unknown","2026-10-06","current_page_at_access","Explore products; limited company/LLP; asset finance","opened","","Продажа US в 2024 не доказательство неработоспособности всей модели; US не считать текущим рынком группы. Источник компании; независимая проверка реестра не выполнена."
"BB-S0025","Funding Circle FY2024 results","Funding Circle","https://corporate.fundingcircle.com/media/newsroom/full-year-2024-results","official_results","United Kingdom|United States","2025-03-06","unknown","2026-10-06","FY2024","Operational & Strategic Summary; sale of US business","opened","","Не означает закрытие UK или доказательство провала модели; конкретную дату завершения уточнить."
"BB-S0026","Can I use Wise as a bank account?","Wise","https://wise.com/us/blog/wise-as-bank-account","official_blog","United States","2024-03-25","unknown","2026-10-06","article_2024_available_at_2026-10-06","Pros and cons; account options","opened","","Историческая US-статья; не переносить автоматически на UK 2026. Поддержка предварительного контрольного кейса."
"BB-S0027","How to become a Tide member","Tide","https://www.tide.co/help-centre/becoming-a-tide-member/","official_help","United Kingdom","unknown","unknown","2026-10-06","current_page_at_access","Who can open; restricted business types","opened","","Допуск к счёту не означает кредитный допуск."
