country,definition_tag,definition_type,micro,small,medium,large_or_exclusion,primary_basis,effective_or_reference,source_url,key_caveat
United States,US_SBA_NAICS,policy/program,NAICS-specific,NAICS-specific,not a universal SBA category,above applicable size standard,employees or average annual receipts,current table effective 2023-03-17,https://www.sba.gov/document/support-table-size-standards,Threshold varies by industry
United States,US_FED_LT500,research survey,not standardized,not standardized,firms under 500 employees,500+ outside survey SME scope,employees,2025 survey / 2026 report,https://www.fedsmallbusiness.org/reports/survey,Research population not universal statutory definition
United Kingdom,UK_PROCUREMENT_SME,policy/procurement,,,<250 staff and <=GBP44m turnover OR <=GBP38m balance sheet,250+ staff excluded,staff plus turnover/assets,2026 guidance,https://www.gov.uk/government/publications/procurement-act-2023-short-guides/supplementary-information-small-and-medium-sized-enterprises-definition-html,Ownership/group rules apply
United Kingdom,UK_BPE_EMPLOYMENT_SME,statistics,0-9 employees,10-49 employees,50-249 employees,250+ employees,employees,2025 BPE,https://www.gov.uk/government/statistics/business-population-estimates-2025/business-population-estimates-for-the-uk-and-regions-2025-statistical-release,Differs from procurement and financial reporting thresholds
Brazil,BR_ME_EPP,legal/tax,<=BRL360k revenue,>BRL360k to <=BRL4.8m revenue,,>BRL4.8m outside ME/EPP,annual gross revenue,current 2026,https://normas.receita.fazenda.gov.br/sijut2consulta/link.action?idAto=92278,Not the same as BCB credit MPME
Brazil,BR_BCB_SCR_SIZE,credit reporting,<=BRL360k revenue,>BRL360k to <=BRL4.8m revenue,>BRL4.8m to <=BRL300m and assets <=BRL240m,>BRL300m revenue OR assets >BRL240m,revenue plus assets,current SCR Doc 3040,https://aprendervalor.bcb.gov.br/content/estabilidadefinanceira/Leiaute_de_documentos/scrdoc3040/SCR_InstrucoesDePreenchimento_Doc3040.pdf,Use for BCB credit/risk series
Germany,EU_SME,policy,staff <10 and turnover/assets <=EUR2m,staff <50 and turnover/assets <=EUR10m,staff <250 and turnover <=EUR50m OR assets <=EUR43m,250+ or above financial criteria,staff plus turnover/assets,current,https://single-market-economy.ec.europa.eu/smes/sme-fundamentals/sme-definition_en,Group rules apply
Germany,DE_KFW_PANEL_500M,research survey,,,annual turnover <=EUR500m,>EUR500m excluded,annual turnover,2025 panel,https://www.kfw.de/About-KfW/KfW-Research/KfW-Mittelstandspanel.html,Much broader than EU SME
India,IN_MSME_2025,policy/banking,investment <=INR2.5cr and turnover <=INR10cr,investment <=INR25cr and turnover <=INR100cr,investment <=INR125cr and turnover <=INR500cr,above medium thresholds,investment plus turnover,effective 2025-04-01,https://www.pib.gov.in/PressReleasePage.aspx?PRID=2209712,Definition break affects time series
Netherlands,EU_SME,policy,staff <10 and turnover/assets <=EUR2m,staff <50 and turnover/assets <=EUR10m,staff <250 and turnover <=EUR50m OR assets <=EUR43m,250+ or above financial criteria,staff plus turnover/assets,current,https://business.gov.nl/starting-your-business/first-steps/what-is-an-sme/,KVK accounting categories differ
Australia,AU_ABS_EMPLOYMENT,statistics,0-4 employed persons,5-19 employed persons,20-199 employed persons,200+ employed persons,employees,2024-25 release,https://www.abs.gov.au/statistics/industry/technology-and-innovation/characteristics-australian-business/2024-25,Other policy/tax/lending definitions can differ
Mexico,MX_MIPYME_DOF,policy,<=10 employees and <=MXN4m sales,sector-specific 11-30 or 11-50 and MXN4.01m-100m,sector-specific up to 100/250 and MXN100.01m-250m,above thresholds,employees plus sales plus sector,DOF 2009 current reference,https://dof.gob.mx/nota_detalle.php?codigo=5096849&fecha=30/06/2009,Combined weighted maximum score also applies
Mexico,MX_ENAFIN_EMPLOYMENT,research survey,6-10 employed persons,industry/services 11-50; commerce 11-30,industry 51-250; services 51-100; commerce 31-100,above sector bands,employees,ENAFIN 2024,https://www.inegi.org.mx/rnm/index.php/catalog/1106,Micro survey frame excludes 0-5 employed persons
