scenario,company,country,journey_type,start_state,customer_inputs,machine_data,human_intervention,decision_mechanism,stated_decision_sla,stated_funding_sla,repayment_model,screen_evidence,best_evidenced_stages,main_screen_gaps,source
A,Nubank,Brazil,existing_preapproved,"Offer/function appears after recurring eligibility","Amount; installments; first due date; responsible person; PIN","Account/relationship signals; external financial profile","Low/unknown exceptions","Recurring automated eligibility + final approval","No fixed offer-generation SLA; FGI-PEAC up to 24h","Immediate after approval for Capital de Giro","Automatic debit; in-app servicing",Partial,"Product surfaced in app","Simulation; pricing; contract; funding; servicing",https://nubank.com.br/empresas/emprestimos
A,CommBank,Australia,existing_preapproved,"Existing customer / conditional approval","Short online application; product-specific information","Information already held by bank; account relationship","Low for eligible lane; specialist for new/complex","Automated/conditional lane + specialist fallback","Instant decision if eligible","Within minutes for eligible digital loan","Scheduled bank repayment",Partial,"Conditional offer observed","Full application; contract; servicing",https://www.commbank.com.au/business/loans-and-finance/betterbusiness-loan.html
A,American Express BLOC,United States,existing_dynamic_line,"Approved/dynamic line in Business Blueprint","Draw amount; term; destination; acceptance","Linked bank; bureau; Amex relationship/history","Low/exception","Dynamic line + per-draw validation","Initial decision can be minutes if data automatic","Seconds to eligible Amex Business Checking; 1-3d ACH","Installment loan from reusable line","Medium official illustrations","Draw; instant deposit; success","Stable direct assets; underwriting screens",https://www.americanexpress.com/en-us/business/blueprint/help-center/business-line-of-credit/how-to-instant-deposit/
B,iwoca,Germany,new_to_lender_digital,"Customer initiates application","Company info; account connection; BWA/SuSa above threshold","Open Banking; transactions; bureau","Low-medium; rises with ticket","Automated plus manual exceptions","Immediate some cases; <=48h general","Within 24-48h","Installment/flexible credit","Strong/Medium","Application; data; completion","Consent; financial upload; contract; servicing",https://www.iwoca.de/kredit-fuer-unternehmen
B,Floryn,Netherlands,new_to_lender_cashflow,"2-minute quick application","Bank connection/statements; above EUR250k accounts + AR/AP","PSD2/bank transactions","Account manager overlay","Automated analysis + human confirmation","Contact <=2h; decision/facility <=24h","Same day possible for draw before cutoff","Term or revolving",Partial,"Calculator/quickscan","PSD2; offer; contract; dashboard",https://www.floryn.com/zakelijk-krediet
B,Konfio,Mexico,new_to_lender_tax_data,"Tax regime/amount simulator","RFC/CIEC; identity/company validation; FIEL","SAT tax/e-invoice data; bureau","Low/exception","Proprietary automated score + validation","Minutes / rapid preapproval claim","Typically 24-72h depending validation","Fixed term",Partial,"Simulator","Tax consent; offer; contract; funding",https://konfio.mx/credito/
C,Allica,United Kingdom,relationship_digital_hybrid,"Digital decision in principle","Bank statements; accounts; management accounts; debt","Bank/financial data","Explicit underwriter/RM","Rules + human underwriter","DIP rapid; full underwriting case-specific","Days after approval/documentation","Term/asset/property product-dependent","Medium workflow visuals","DIP; underwriting stages","Authenticated forms; servicing",https://www.allica.bank/business-loans
C,Commerzbank,Germany,relationship_fast_lane,"2-minute online request","Company/finance details; optional financial documents","Relationship/company data","Central","Empowered adviser; <=EUR100k in consultation","Adviser <=48h","Case-specific","Revolving current-account credit","Low","Process documented","Actual form; decision; activation",https://www.commerzbank.de/unternehmerkunden/finanzierungen/gewerbekredit/
C,Judo Bank,Australia,relationship_led,"Broker/direct banker contact","Financials; transactions; security/business context","Bank/bureau/valuation data","High","Relationship banker + credit executive","Case-specific","Case-specific","Facility-specific","Low by design","Relationship process","Self-service screens not central",https://www.judo.bank/
D,Stone,Brazil,embedded_merchant,"Pre-approved offer in merchant account","Amount; terms; PIN","Acquiring/sales; relationship; external credit signals","Low automated lane; dedicated desk larger tickets","Automated offer + analysis / dedicated desk","Preapproved; final analysis tracked","Up to 4 business days on shown flow","Sales-linked automatic retention",Strong,"Offer; status; servicing","Simulation; pricing; contract",https://www.stone.com.br/capital-de-giro
D,Square Loans,United States,embedded_merchant,"Invitation/offer from daily merchant review","Amount; ownership/identity; acceptance","Payments volume/frequency; account history; customer mix","Low/exception","Automated eligibility + final review","Application review generally 1-2 business days","Instant to Square Checking; 1-3d external","Fixed share of daily sales",Medium official illustrations,"Servicing/repayment","Stable offer/configuration assets",https://squareup.com/us/en/banking/loans
D,Mercado Pago,Mexico,embedded_marketplace,"Pre-approved offer from seller/payment activity","Product; amount; term; acceptance","Marketplace/acquiring; seller reputation/history","Low/unknown exceptions","Automated/prequalified","Offer available when eligible","Immediate to Mercado Pago balance","Product-specific; some sales-linked","Low","Flow documented","Credit-specific screens",https://www.mercadopago.com.mx/mercado-credito/prestamos-negocio-online
E,Itau,Brazil,guarantee_backed,"Existing banking/app route","Amount/term; program/tax authorization","Relationship; e-CAC/revenue; program eligibility","Medium","Bank underwriting + guarantee eligibility","Product/program dependent","Digital crediting after contract","Program-specific",Low,"App route documented","Eligibility; offer; contract; funding screens",https://www.itau.com.br/empresas/emprestimos-financiamentos/fgi
