country,priority,source,owner,metric_families,frequency,url,key_caveat
United States,P1,Small Business Credit Survey,Federal Reserve Banks,"demand;applications;approval;lender choice;satisfaction;debt",annual,https://www.fedsmallbusiness.org/reports/survey,Convenience sample
United States,P1,Small Business Lending Survey FR2028D,Federal Reserve,"terms;standards;demand;application volume",quarterly,https://www.federalreserve.gov/apps/reportingforms/Report/Index/FR_2028D,Supply-side bank survey
United States,P2,Small Business Lending Survey,FDIC,"underwriting;automation;approval time;products",periodic,https://www.fdic.gov/publications/2024-report-small-business-lending-survey,Survey wave
United Kingdom,P1,Small Business Finance Markets,British Business Bank,"gross lending;provider structure;demand;finance use",annual,https://www.british-business-bank.co.uk/about/research-and-publications/small-business-finance-markets-report-2026,Retain smaller-business definition
United Kingdom,P1,Money and Credit,Bank of England,"SME net borrowing;loan growth;interest rates",monthly,https://www.bankofengland.co.uk/statistics/money-and-credit,Net flows not gross originations
Brazil,P1,SGS 27701,Banco Central do Brasil,SME/MPME loan stock,monthly,https://dadosabertos.bcb.gov.br/dataset/27701-saldo-das-operacoes-de-credito-por-porte-da-empresa---micro-pequena-e-media-mpme,BCB SCR size definition
Brazil,P1,SGS 27703,Banco Central do Brasil,90+ DPD delinquency by size,monthly,https://dadosabertos.bcb.gov.br/en/dataset/27703-inadimplencia-da-carteira-de-credito-por-porte-da-empresa-micro-pequena-e-media-mpme,90+ DPD not automatically default
Brazil,P1,SCR.data,Banco Central do Brasil,"portfolio;delinquency;problem assets;product;industry;size",monthly,https://www.bcb.gov.br/estabilidadefinanceira/scrdata,May differ from aggregate publications
Germany,P1,KfW SME Panel,KfW Research,"financing;credit negotiations;investment;profitability",annual,https://www.kfw.de/About-KfW/KfW-Research/KfW-Mittelstandspanel.html,Population up to EUR500m turnover
Germany,P1,KfW-ifo Credit Constraint,KfW/ifo,credit access/constraints,quarterly,https://www.kfw.de/About-KfW/Service/Download-Center/Konzernthemen/Research/Indikatoren/KfW-ifo-Kredith%C3%BCrde/,Definition differs from KfW Panel
Germany,P1,SAFE,ECB,"financing need;applications;outcomes;conditions;collateral",quarterly,https://www.ecb.europa.eu/stats/ecb_surveys/safe/html/index.en.html,SAFE SME population
India,P1,RBI Annual Report MSME tables,Reserve Bank of India,"accounts;outstanding MSME credit;priority sector",annual,https://www.rbi.org.in/scripts/AnnualReportPublications.aspx,Definition break Apr 2025
India,P1,Annual BSR-1 Credit,RBI,detailed bank credit distribution,annual,https://www.rbi.org.in/Scripts/Pr_DataRelease.aspx?DateFilter=Year&SectionID=376,Source table mapping required
India,P2,Account Aggregator Framework,Department of Financial Services,digital data-sharing infrastructure,current,https://www.financialservices.gov.in/account-aggregator-framework,Infrastructure not credit volume
Netherlands,P1,SME corporate lending statistics,De Nederlandsche Bank,"SME loan stock;share;rates",monthly_or_series_specific,https://www.dnb.nl/en/general-news/statistical-news/2026/almost-half-of-corporate-lending-goes-to-smes-interest-rates-slightly-higher/,New SME-specific presentation
Netherlands,P1,Financieringsmonitor,CBS,"need;orientation;application;outcome;finance types",annual,https://www.cbs.nl/nl-nl/longread/aanvullende-statistische-diensten/2026/financieringsmonitor-2025,MKB business-economy population
Netherlands,P1,SAFE,ECB,"financing need;conditions;outcomes",quarterly,https://www.ecb.europa.eu/stats/ecb_surveys/safe/html/index.en.html,SAFE SME population
Australia,P1,Lenders Interest Rates F7,RBA/APRA,"new/outstanding rates by business size",monthly,https://www.rba.gov.au/statistics/interest-rates/,Retain business-size methodology
Australia,P1,Monthly ADI Statistics,APRA,individual bank balance sheets,monthly,https://www.apra.gov.au/news-and-publications/monthly-authorised-deposit-taking-institution-statistics,Not always SME-specific
Australia,P1,Counts of Australian Businesses,ABS,"business counts;entries;exits;employment size",annual,https://www.abs.gov.au/statistics/economy/business-indicators/counts-australian-businesses-including-entries-and-exits/latest-release,Population differs from lending data
Mexico,P1,ENAFIN 2024,INEGI/CNBV,"need;sources;applications;conditions;services",multi_year,https://en.www.inegi.org.mx/programas/enafin/2024/,Micro sample starts at 6 employees
Mexico,P1,Evolucion del Financiamiento a las Empresas,Banco de Mexico,"finance sources;bank usage;new credit;constraints",quarterly,https://www.banxico.org.mx/publicaciones-y-prensa/evolucion-trimestral-del-financiamiento-a-las-empr/evolucion-del-financiamiento-.html,Survey definitions
Mexico,P1,EnBan,Banco de Mexico,"credit demand;standards;terms",quarterly,https://www.banxico.org.mx/publicaciones-y-prensa/encuesta-sobre-condiciones-generales-y-estandares-/condiciones-en-credito-bancar.html,Diffusion indices
Mexico,P1,SIE CF842,Banco de Mexico,credit to small and medium non-financial companies,quarterly,https://www.banxico.org.mx/SieInternet/consultarDirectorioInternetAction.do?accion=consultarCuadro&idCuadro=CF842&locale=es,Series-specific definition
