country,metric_id,value,unit,period_start,period_end,borrower_segment,product,source_definition,denominator,evidence_type,confidence,source_title,source_url,publication_date,notes
United States,FUNNEL_APPLICATION_RATE,60,percent,2024-09-01,2025-11-30,US_FED_LT500,all_external_financing,"Share of employer firms that applied for financing in the prior 12 months","Small employer firms in 2025 SBCS",reported,medium,"2026 Report on Employer Firms: 2025 Small Business Credit Survey",https://www.fedsmallbusiness.org/2026-report-on-employer-firms,2026-03-03,"Survey is a nationwide convenience sample; exact fielding dates retained in source"
United States,FUNNEL_APPLICATION_RATE,38,percent,2024-09-01,2025-11-30,US_FED_LT500,loan_loc_mca,"Share of firms applying for a loan, line of credit, or merchant cash advance in prior 12 months","Small employer firms in 2025 SBCS",reported,medium,"2026 Report on Employer Firms: 2025 Small Business Credit Survey",https://www.fedsmallbusiness.org/2026-report-on-employer-firms,2026-03-03,"Product-scoped application rate; not comparable to all-financing 60%"
United States,FUNNEL_FULL_APPROVAL_RATE,42,percent,2024-09-01,2025-11-30,US_FED_LT500,all_external_financing,"Applicants receiving the full amount of financing sought","Financing applicants in 2025 SBCS",reported,medium,"2026 Report on Employer Firms: 2025 Small Business Credit Survey",https://www.fedsmallbusiness.org/2026-report-on-employer-firms,2026-03-03,"36% received some/most and 22% received none; do not reinterpret as loan-only approval rate"
United States,FUNNEL_PARTIAL_APPROVAL_RATE,36,percent,2024-09-01,2025-11-30,US_FED_LT500,all_external_financing,"Applicants receiving some or most of financing sought","Financing applicants in 2025 SBCS",reported,medium,"2026 Report on Employer Firms: 2025 Small Business Credit Survey",https://www.fedsmallbusiness.org/2026-report-on-employer-firms,2026-03-03,"Survey outcome bucket"
United Kingdom,MKT_NEW_LENDING_SME,68,GBP_bn,2025-01-01,2025-12-31,source_defined_SME,bank_lending,"Gross SME bank lending during 2025",,reported,high,"Small Business Finance Markets Report 2026",https://www.british-business-bank.co.uk/about/research-and-publications/small-business-finance-markets-report-2026,2026-03-17,"Bank gross lending flow; not total SME finance including non-bank products"
United Kingdom,GROWTH_YOY_ORIGINATIONS,9,percent,2025-01-01,2025-12-31,source_defined_SME,bank_lending,"Year-on-year growth in gross SME bank lending",prior_year_gross_SME_bank_lending,reported,high,"Small Business Finance Markets Report 2026",https://www.british-business-bank.co.uk/news-and-events/news/smaller-business-lending-markets-showing-signs-improvement-finds-latest-british-business-bank,2026-03-17,"Second-highest gross SME bank lending level since 2012 per source"
United Kingdom,PRICE_EFFECTIVE_NEW_LENDING_RATE,6.61,percent,2026-07-01,2026-07-31,source_defined_SME,bank_new_lending,"Effective interest rate on new lending to SMEs","New bank lending to SMEs",reported,high,"Financial Policy Committee Record – September 2026",https://www.bankofengland.co.uk/financial-policy-committee-record/2026/september-2026,2026-09-30,"Rose from 6.36%; do not treat as APR"
Brazil,MKT_LOAN_STOCK_SME,1337102,BRL_mn,2026-08-31,2026-08-31,BR_BCB_SCR_MPME,all_credit_operations,"End-period balance of SFN credit operations to micro, small and medium companies",,reported,high,"BCB SGS 27701 — Saldo das operações de crédito por porte da empresa - MPMe",https://dadosabertos.bcb.gov.br/dataset/27701-saldo-das-operacoes-de-credito-por-porte-da-empresa---micro-pequena-e-media-mpme,2026-09-08,"BCB MPMe definition is broader than Brazilian legal/tax ME/EPP"
Brazil,GROWTH_YOY_STOCK,6.648,percent,2025-08-31,2026-08-31,BR_BCB_SCR_MPME,all_credit_operations,"Calculated from SGS 27701: Aug-2026 1,337,102 vs Aug-2025 1,253,750 BRL mn","Prior-year comparable SGS 27701 stock",calculated,high,"BCB SGS 27701",https://api.bcb.gov.br/dados/serie/bcdata.sgs.27701/dados?formato=json,2026-09-08,"Nominal YoY growth; calculation = 1337102/1253750-1"
Germany,FUNNEL_CREDIT_CONSTRAINT_RATE,40,percent,2026-04-01,2026-06-30,DE_KFW_IFO_SME,bank_credit,"Four out of ten SMEs with an interest in borrowing reported difficulties obtaining credit","SMEs with an interest in borrowing",reported_rounded,high,"KfW-ifo Credit Constraint Indicator Q2 2026",https://www.kfw.de/About-KfW/KfW-Research/Publikationen-thematisch/Unternehmensfinanzierung/,2026-07-07,"Rounded wording in public release; not an application rejection rate"
Germany,GROWTH_YOY_ORIGINATIONS,1.4,percent,2025-10-01,2025-12-31,all_enterprises_and_self_employed,bank_new_lending,"KfW estimate of year-on-year growth in new lending by German banks to enterprises and self-employed","Prior-year comparable estimated new lending",reported_estimate,medium,"KfW Credit Market Outlook April 2026",https://www.kfw.de/About-KfW/Newsroom/Latest-News/News-Details_890880.html,2026-04-21,"Not SME-specific; KfW constructs new-lending estimate from stock changes plus simulated scheduled repayments"
India,MKT_LOAN_STOCK_SME,31.3,INR_lakh_crore,2025-03-31,2025-03-31,IN_MSME_pre_2025_change,scheduled_commercial_bank_credit,"Outstanding scheduled commercial bank credit to MSMEs","Priority sector returns submitted by SCBs",reported,high,"RBI Annual Report — Bank Credit to MSMEs",https://m.rbi.org.in/Scripts/AnnualReportPublications.aspx?Id=1434,2025-05-29,"Provisional; 245.3 lakh MSME accounts; classification thresholds changed effective 2025-04-01"
India,GROWTH_YOY_STOCK,14.8,percent,2024-03-31,2025-03-31,IN_MSME_pre_2025_change,scheduled_commercial_bank_credit,"YoY increase in SCB outstanding credit to MSMEs during 2024-25","Prior-year MSME credit stock",reported,high,"RBI Annual Report — Bank Credit to MSMEs",https://m.rbi.org.in/Scripts/AnnualReportPublications.aspx?Id=1434,2025-05-29,"Do not mechanically extend across Apr-2025 definition change"
India,MKT_LOAN_STOCK_SME,36.79,INR_lakh_crore,2025-12-31,2025-12-31,IN_MSME_2025,scheduled_commercial_bank_credit,"SCB credit outstanding to MSME sector",,reported,high,"RBI Bulletin / MSME address",https://rbi.org.in/scripts/BS_ViewBulletin.aspx?Id=24303,2026-09-01,"Current post-Apr-2025 MSME classification; not directly growth-comparable to old definition without adjustment"
United States,MKT_SME_BUSINESS_COUNT,36207130,count,,,US_SBA_ADVOCACY_SMALL_BUSINESS,all_businesses,"Latest small-business count assembled by SBA Office of Advocacy from federal data; generally independent firms with fewer than 500 employees",,reported,medium,"SBA Office of Advocacy — Frequently Asked Questions About Small Business 2026",https://advocacy.sba.gov/2026/02/03/advocacy-releases-frequently-asked-questions-about-small-businesses-2026/,2026-02-03,"Underlying employer/nonemployer source periods differ; 29.81m are nonemployer and 6.40m employer firms"
United States,FUNNEL_FULL_APPROVAL_RATE,57,percent,2024-09-01,2025-11-30,US_FED_LT500,loan_loc_mca,"Applicants at small banks receiving the full amount sought","Loan/LOC/MCA applicants using small banks in 2025 SBCS",reported,medium,"2026 Report on Employer Firms: 2025 Small Business Credit Survey",https://www.fedsmallbusiness.org/2026-report-on-employer-firms,2026-03-03,"Lender-type result; not system-wide approval rate"
United Kingdom,MKT_LENDER_ARCHETYPE_SHARE_NEW_LENDING,59,percent,2025-01-01,2025-12-31,source_defined_SME,bank_lending,"Challenger and specialist banks' share of gross SME bank lending","Gross SME bank lending",reported,high,"Small Business Finance Markets Report 2026",https://www.british-business-bank.co.uk/about/research-and-publications/small-business-finance-markets-report-2026,2026-03-17,"Press release rounds this to about 60%; table share used here"
United Kingdom,FUNNEL_EXTERNAL_FINANCE_USAGE_RATE,50,percent,2025-07-01,2025-09-30,source_defined_smaller_business,all_external_finance,"Around half of smaller businesses were using external finance in Q3 2025","Smaller businesses in source survey",reported_rounded,medium,"Small Business Finance Markets 2026 infographic",https://www.british-business-bank.co.uk/about/research-and-publications/small-business-finance-markets-report-2026,2026-03-17,"Rounded public headline; usage is not application rate"
Brazil,RISK_DPD_90_PLUS,5.98,percent,2026-08-31,2026-08-31,BR_BCB_SCR_MPME,all_credit_operations,"Share of SFN credit balance to MPMe with at least one installment more than 90 days past due","MPMe credit balance in SFN",reported_secondary_value,medium,"BCB SGS 27703 — Inadimplência por porte da empresa",https://dadosabertos.bcb.gov.br/en/dataset/27703-inadimplencia-da-carteira-de-credito-por-porte-da-empresa-micro-pequena-e-media-mpme,2026-09-08,"Definition from BCB; latest numeric value cross-checked through a time-series mirror because direct current API retrieval was unavailable in research session"
Brazil,PRICE_EFFECTIVE_NEW_LENDING_RATE,24.2,percent,2026-08-01,2026-08-31,all_legal_entities,free_credit,"Average interest rate on new free-credit operations to legal entities","New free-credit concessions to legal entities",reported,high,"BCB Monetary and Credit Statistics — August 2026",https://www.bcb.gov.br/estatisticas/estatisticasmonetariascredito,2026-09-28,"Corporate context only; not SME-specific and therefore not directly comparable to UK SME rate"
Germany,MKT_SME_BUSINESS_COUNT,3870000,count,2024-01-01,2024-12-31,DE_KFW_PANEL_500M,all_businesses,"Number of SMEs/Mittelstand in KfW Panel population up to EUR500m annual turnover",,reported,high,"KfW SME Panel 2025",https://www.kfw.de/About-KfW/KfW-Research/KfW-Mittelstandspanel.html,2025-10-01,"Much broader population than EU SME definition"
Germany,MKT_NEW_LENDING_SME,81,EUR_bn,2024-01-01,2024-12-31,DE_KFW_PANEL_500M,investment_finance,"Bank borrowings used by SMEs to finance investment in 2024",,reported,high,"KfW SME Panel 2025",https://www.kfw.de/PDF/Download-Center/Konzernthemen/Research/PDF-Dokumente-KfW-Mittelstandspanel/PDF-Dateien-Mittelstandspanel-%28EN%29/KfW-Mittelstandspanel-2025_EN.pdf,2025-10-01,"Investment-finance flow only; not all SME new lending"
Germany,MKT_BORROWING_FIRMS,615000,count,2024-01-01,2024-12-31,DE_KFW_PANEL_500M,investment_finance,"SMEs that used bank loans to finance investments in 2024",,reported,high,"KfW SME Panel 2025",https://www.kfw.de/PDF/Download-Center/Konzernthemen/Research/PDF-Dokumente-KfW-Mittelstandspanel/PDF-Dateien-Mittelstandspanel-%28EN%29/KfW-Mittelstandspanel-2025_EN.pdf,2025-10-01,"Not all SME borrowers; only investment-loan users"
Germany,MKT_AVG_ORIGINATION_SIZE,131000,EUR,2024-01-01,2024-12-31,DE_KFW_PANEL_500M,investment_finance,"Average new bank borrowing used for SME investment",investment_loan_borrowers,reported,high,"KfW SME Panel 2025",https://www.kfw.de/PDF/Download-Center/Konzernthemen/Research/PDF-Dokumente-KfW-Mittelstandspanel/PDF-Dateien-Mittelstandspanel-%28EN%29/KfW-Mittelstandspanel-2025_EN.pdf,2025-10-01,"Micro firms with fewer than 5 employees averaged roughly EUR32k, showing strong size heterogeneity"
Germany,FUNNEL_FULL_APPROVAL_RATE,67,percent,2024-01-01,2024-12-31,DE_KFW_PANEL_500M,investment_bank_loan_negotiations,"Share of SMEs in investment-loan negotiations for which all negotiations ended successfully","SMEs conducting bank loan negotiations for investment",reported,high,"KfW SME Panel 2025",https://www.kfw.de/PDF/Download-Center/Konzernthemen/Research/PDF-Dokumente-KfW-Mittelstandspanel/PDF-Dateien-Mittelstandspanel-%28EN%29/KfW-Mittelstandspanel-2025_EN.pdf,2025-10-01,"Negotiation success metric, not standard application approval"
Germany,FUNNEL_REJECTION_RATE,10,percent,2024-01-01,2024-12-31,DE_KFW_PANEL_500M,investment_bank_loan_negotiations,"Share of negotiating SMEs for which all negotiations failed / no access to loan","SMEs conducting bank loan negotiations for investment",reported,high,"KfW SME Panel 2025",https://www.kfw.de/PDF/Download-Center/Konzernthemen/Research/PDF-Dokumente-KfW-Mittelstandspanel/PDF-Dateien-Mittelstandspanel-%28EN%29/KfW-Mittelstandspanel-2025_EN.pdf,2025-10-01,"Source-specific negotiation outcome; categories include bank no-offer and borrower rejection"
Germany,PRICE_EFFECTIVE_NEW_LENDING_RATE,4.23,percent,2026-04-01,2026-04-30,corporate_loan_size_proxy_EUR250k_1m,new_corporate_loans,"German MFI rate on new corporate loans EUR0.25m-EUR1m with initial rate fixation >3m to <=1y","New business loans in specified amount/fixation band",proxy,medium,"ECB Data Portal / Bundesbank corporate lending rates",https://data.ecb.europa.eu/,2026-06-01,"Loan-size proxy for SME pricing; not borrower-size SME classification"
India,MKT_REGISTERED_SME_COUNT,97417406,count,2026-10-01,2026-10-01,IN_MSME_2025,registered_formalised_enterprises,"Total Udyam plus Udyam Assist Platform formalised MSMEs shown on Ministry dashboard",,reported,high,"Ministry of MSME dashboard",https://dashboard.msme.gov.in/,2026-10-01,"Includes 43.25m informal micro enterprises formalised through UAP; not total economic MSME universe"
India,RISK_NPL_RATIO,4,percent,2024-03-31,2024-03-31,IN_MSME_pre_2025_change,scheduled_commercial_bank_funded_advances,"Gross NPA ratio on SCB funded advances to MSMEs","MSME funded advances",reported,high,"Government/RBI parliamentary data on MSME advances and GNPA",https://www.pib.gov.in/,2024-12-01,"Historical sector-specific risk point; old MSME definition; use only as trend/context until newer comparable MSME-specific risk is found"
