opportunity_id,opportunity,primary_patterns,target_factories,strategic_impact,typical_feasibility,evidence_confidence,default_sequence,main_prerequisite,primary_economic_channel,main_risk,examples
O1,Continuous pre-underwriting for existing SMEs,"P1|P5|P10","A",High,High-Medium,High,1,"Rich current-account/transaction history","Lower CAC and underwriting cost; higher repeat/cross-sell","Stale limits / model drift","CommBank|Nubank|Amex|SBI"
O2,Machine-readable data connections,"P2|P10","A|B|C",High,Medium,High,1,"Open Banking/tax/accounting/acquiring access","Lower document burden and underwriting OPEX","Data quality / consent / manipulation","Rabobank|Floryn|iwoca|Konfio|SBI"
O3,Explicit automation and escalation perimeter,"P3|P10","A|B|D",High,High,High,1,"Risk policy by ticket/data/security","Allocates human cost to higher-value exposures","Threshold cliffs / gaming","iwoca|Rabobank|Allica|Commerzbank|SBI"
O4,Repeat dynamic limit and top-up,"P1|P5","A|B",High,Medium,Medium-High,2,"Behavioral/repayment history","Higher LTV; lower repeat CAC; faster redraw","Limit creep","Amex|Square|Nubank|Funding Circle|SBI"
O5,Digital case/status orchestration,"P4|P10","B|C|D|E",Medium-High,High,High,2,"Integrated workflow / case ownership","Lower handoffs; faster cycle; fewer support contacts","Front-end hides unresolved process bottlenecks","Allica|Stone|Commerzbank"
O6,Empowered human fast lane,"P4|P10","D",High_for_larger_SME,Medium,High,2,"Delegated authorities and skilled credit staff","Faster complex decisions; banker productivity","Judgment inconsistency / concentration","Judo|Allica|Commerzbank"
O7,Digitized guarantee-backed factory,"P7|P10","C",Medium-High,Medium,Medium-High,3,"Guarantee program + eligibility data integration","Higher approval; lower uncovered loss / potential capital benefit","Program dependency / claims risk","Itau|Stone|SBI"
O8,Product-specific funding and asset distribution,"P8|P10","A|B|C|E|F",High_where_relevant,Low-Medium,High,3,"Asset performance data + treasury/investor capability","Lower funding/capital intensity; balance-sheet recycling","Market funding availability","Funding Circle|Square|Floryn|Bibby"
O9,Receivables specialist factory,"P9|P10","E",Segment_specific_High,Low-Medium,High,4,"Invoice/debtor data + collections/fraud stack","Working-capital fit; financing + service fees","Fraud/dilution/debtor concentration","Bibby"
O10,Embedded merchant credit,"P1|P6|P8","F",High_if_payments_data,Context_specific,High,4_conditional,"Acquiring/marketplace transaction stream","Low CAC; monitoring; repayment control","Platform concentration / merchant cycle","Stone|Square|Mercado Pago|UGRO"
