player_id,company_name,legal_entity,parent_group,country,website,lender_archetype,regulatory_type,target_segment,borrower_definition,existing_customer_requirement,minimum_business_age,revenue_eligibility,industries_excluded,business_customers,sme_borrowers,loan_book,loan_book_currency,loan_book_period,originations,originations_currency,originations_period,geography_scope,scale_confidence,product_families,min_amount,max_amount,amount_currency,min_term_months,max_term_months,secured_focus,personal_guarantee,government_guarantee_use,public_risk_metrics_available,disclosed_risk_metrics,funding_model,funding_notes,primary_distribution,distribution_channels,decision_model,underwriting_data,proprietary_data_advantage,data_advantage_confidence,digital_application,preapproved_offer,stated_decision_sla,stated_cash_sla,servicing_self_service,journey_researchability,screen_evidence_potential,screen_evidence_found,public_financial_disclosure,sme_specific_economics_available,funding_cost_observable,credit_cost_observable,capital_observable,primary_sources_count,source_quality,latest_source_date,key_source_1,key_source_2,key_source_3,research_priority,shortlist_status,selection_hypothesis,deep_dive_rationale,notes
US_AMEX_BLOC,American Express Business Line of Credit,American Express National Bank,American Express,United States,https://www.americanexpress.com/en-us/business/blueprint/business-line-of-credit/,universal_bank,bank,micro|small,Business >=1 year; recent avg monthly revenue >=$3k; FICO generally >=660,open_market,12 months,"recent average monthly revenue >= USD 3,000",unknown,unknown,unknown,unknown,unknown,unknown,unknown,unknown,unknown,United States,unknown,revolving_line,2000,250000,USD,6,24,secured_by_business_assets,required,no_public_evidence,weak,unknown,retail_deposits,unknown,web_self_service,web_self_service|existing_amex_ecosystem,automated_plus_manual_exceptions,bank_transactions|consumer_bureau|commercial_bureau|relationship_history,Linked business-bank accounts plus American Express relationship/repayment history,high,yes,yes,minutes if data automatically obtained; longer if manual review,up to 3 banking days to external payee; instant deposit may be available to Amex Business Checking,strong,high,high,partial,company_level_only,no,proxy,proxy,proxy,3,high,2026-10-02,https://www.americanexpress.com/en-us/business/blueprint/business-line-of-credit/,https://www.americanexpress.com/en-us/business/blueprint/terms-and-conditions/business-line-of-credit/,https://www.americanexpress.com/en-us/business/blueprint/help-center/business-line-of-credit/applying/index.how-do-you-determine-how-much-funding-i-can-access-and-can-my-business-line-of-credit-change-over-time.html,A,candidate,Existing-account and linked-bank data can enable rapid small-business line decisions,unknown,unknown
US_WELLS_FARGO,Wells Fargo,"Wells Fargo Bank, N.A.",Wells Fargo & Company,United States,https://www.wellsfargo.com/biz/business-credit/,universal_bank,bank,small|medium,Prime Line aimed at businesses with USD2m-25m annual revenue; BusinessLine lower-ticket,open_market,unknown,Prime Line: USD2m-25m annual revenue,unknown,unknown,unknown,unknown,unknown,unknown,unknown,unknown,unknown,United States,high,revolving_line|government_guaranteed_loan,10000,3000000,USD,unknown,unknown,mixed,required_for_businessline,yes,strong,unknown,retail_deposits,unknown,web_self_service,web_self_service|branch|relationship_manager,product_dependent,financial_statements|bureau|relationship_history|collateral,Existing deposit/transaction relationship for bank customers,medium,partial,unknown,faster processing up to USD50k; larger requests relationship-led,unknown,strong,high,medium,no_yet,strong_segment_disclosure,partial,yes,yes,yes,2,high,2026-10-02,https://www.wellsfargo.com/biz/business-credit/,https://www.wellsfargo.com/biz/business-credit/lines-of-credit/,unknown,B,candidate,Incumbent with explicit breakpoint from fast small-ticket to RM-led larger credit,unknown,unknown
US_CHASE,Chase for Business,"JPMorgan Chase Bank, N.A.",JPMorgan Chase & Co.,United States,https://www.chase.com/business/banking/loans/business-line-of-credit,universal_bank,bank,small|medium|upper_sme,"Business LOC: >=USD100k annual revenue, FICO >=660, stable majority ownership/management 2 years",existing_only,ownership/management stable 24 months,">=USD100,000 annual revenue for Business LOC",unknown,unknown,unknown,unknown,unknown,unknown,unknown,unknown,unknown,United States,high,revolving_line,10000,500000,USD,unknown,60,product_dependent,unknown,unknown,strong,unknown,retail_deposits,unknown,web_self_service,web_self_service|relationship_manager,product_dependent,financial_statements|bureau|relationship_history,Existing Chase Business checking relationship required for sub-USD500k line,high,partial,unknown,couple of days once all information received,funds drawable after finalization,strong,high,medium,no_yet,strong_segment_disclosure,partial,yes,yes,yes,2,high,2026-10-02,https://www.chase.com/business/banking/loans/business-line-of-credit,https://www.chase.com/business/support/banking/bloc-faqs,unknown,B,candidate,Existing-customer incumbent model with digital drawdown and RM transition above USD500k,unknown,unknown
US_BOFA,Bank of America,"Bank of America, N.A.",Bank of America Corporation,United States,https://business.bankofamerica.com/en/business-loans,universal_bank,bank,small,Unsecured LOC: >=2 years under existing ownership and >=USD100k prior-year revenue,open_market,24 months under existing ownership,">=USD100,000 prior-year annual business revenue",unknown,unknown,unknown,unknown,unknown,unknown,unknown,unknown,unknown,United States,high,revolving_line|government_guaranteed_loan,10000,250000,USD,unknown,unknown,mostly_unsecured,unknown,yes,strong,unknown,retail_deposits,unknown,web_self_service,web_self_service|specialist,rules_plus_analyst,bureau|financial_statements|relationship_history,Banking relationship can influence pricing/creditworthiness,medium,yes,unknown,unknown,unknown,strong,high,medium,no_yet,strong_segment_disclosure,partial,yes,yes,yes,2,high,2026-10-02,https://business.bankofamerica.com/en/business-loans,https://business.bankofamerica.com/en/business-loans/unsecured-line-of-credit,unknown,C,universe_only,Large-bank benchmark for conventional unsecured small-business line,unknown,unknown
US_SQUARE_LOANS,Square Loans,"Square Capital, LLC / bank partners as applicable","Block, Inc.",United States,https://squareup.com/us/en/banking/loans,payments_or_acquiring_lender,nonbank_fintech_with_bank_partners,micro|small,Square sellers receiving customized offer based on business performance,existing_only,unknown,unknown,unknown,unknown,unknown,unknown,unknown,unknown,unknown,unknown,unknown,United States,medium,revenue_based_finance|embedded_credit,100,500000,USD,unknown,unknown,mostly_unsecured,unknown,no_public_evidence,limited,unknown,partner_bank,unknown,payments_ecosystem,payments_ecosystem|web_self_service,automated,acquiring_data|relationship_history|transaction_data,"Square processing volume/frequency, tenure and customer mix",high,yes,yes,application in minutes,instant funding if eligible,strong,high,high,partial,company_level_only,partial,proxy,proxy,no,1,high,2026-10-02,https://squareup.com/us/en/banking/loans,unknown,unknown,A,candidate,Acquiring-data underwriting plus automatic sales-linked repayment tests embedded-credit advantage,unknown,unknown
US_PAYPAL_WC,PayPal Working Capital,"PayPal, Inc. / partner lender as applicable","PayPal Holdings, Inc.",United States,https://www.paypal.com/us/business/financial-services/working-capital-loan,payments_or_acquiring_lender,nonbank_fintech_with_lending_partner,micro|small,PayPal business sellers; maximum offer based on PayPal account history and sales volume,existing_only,unknown,unknown,unknown,unknown,unknown,unknown,unknown,unknown,unknown,unknown,unknown,United States,medium,revenue_based_finance|embedded_credit,1000,250000,USD,unknown,unknown,mostly_unsecured,unknown,no_public_evidence,limited,unknown,partner_bank,unknown,payments_ecosystem,payments_ecosystem|web_self_service,automated,payments_data|sales_history|relationship_history,PayPal account and sales history; repeat borrowers can access larger maximum,high,yes,yes,typically seconds,minutes to PayPal business account,strong,high,high,partial,company_level_only,partial,proxy,proxy,no,1,high,2026-10-02,https://www.paypal.com/us/business/financial-services/working-capital-loan,unknown,unknown,A,candidate,Repeat-borrower and proprietary-sales-data model directly tests H6 and embedded lending,unknown,unknown
US_FUNDBOX,Fundbox,"Fundbox, Inc. / bank partners",Fundbox,United States,https://fundbox.com/businesses/,embedded_lender,fintech_with_bank_partners,micro|small,"US small businesses; published LOC eligibility includes >=6 months, >=USD30k annual revenue, FICO >=600",open_market,6 months,">=USD30,000 annual revenue for published LOC eligibility",unknown,500000+ connected,unknown,unknown,unknown,unknown,unknown,unknown,unknown,United States,medium,revolving_line|term_loan|embedded_credit,unknown,unknown,unknown,unknown,unknown,mostly_unsecured,unknown,no_public_evidence,limited,unknown,warehouse_facility,Institutional credit facilities; loans/lines originated by partner banks depending product,embedded_partner,web_self_service|embedded_partner,automated,bank_transactions|accounting_data|payments_data|historical_financials,ML underwriting and embedded partner data; company reports 99% automated underwriting,high,yes,unknown,as little as 3 minutes; generally within minutes,as soon as next business day,strong,high,high,partial,private_minimal,no,proxy,no,no,3,high,2026-10-01,https://fundbox.com/businesses/,https://fundbox.com/,https://fundbox.com/blog/fundbox-atlas-blue-owl-credit-facility/,A,candidate,Embedded capital infrastructure with high automation provides clean underwriting/cost-to-serve case,unknown,unknown
UK_FUNDING_CIRCLE,Funding Circle UK,Funding Circle Ltd / group entities,Funding Circle Holdings plc,United Kingdom,https://www.fundingcircle.com/uk/,fintech_balance_sheet_lender,nonbank_lender,small|medium,Limited companies/LLPs; trading >=1 year for business loan,open_market,12 months,unknown,unknown,135000+ UK businesses helped cumulatively,unknown,unknown,unknown,unknown,unknown,unknown,unknown,United Kingdom,high,unsecured_term_loan|revolving_line|business_credit_card|government_guaranteed_loan|asset_equipment_finance,1000,5000000,GBP,1,84,product_dependent,product_dependent,yes,strong,unknown,mixed,unknown,web_self_service,web_self_service|broker,automated_plus_manual_exceptions,bank_transactions|bureau|trading_history,Long proprietary SME lending history plus bank-transaction data,high,yes,unknown,as little as 5 minutes,typically within 48 hours,strong,high,high,partial,strong_segment_disclosure,yes,yes,yes,proxy,3,high,2026-10-02,https://www.fundingcircle.com/uk/small-business-loans/,https://www.fundingcircle.com/uk/all-products/,https://www.fundingcircle.com/uk/businesses/,A,candidate,Scaled digital SME specialist with strong disclosure and screenable journey,unknown,unknown
UK_NATWEST,NatWest Business,National Westminster Bank Plc,NatWest Group,United Kingdom,https://www.natwest.com/business/loans-and-finance/small-business-loan.html,universal_bank,bank,micro|small|medium,Product-dependent small/medium businesses,existing_preferred,unknown,unknown,unknown,unknown,unknown,unknown,unknown,unknown,unknown,unknown,unknown,United Kingdom,high,unsecured_term_loan|overdraft|business_credit_card|commercial_real_estate|asset_equipment_finance,1000,100000,GBP,unknown,unknown,product_dependent,sometimes,yes,strong,unknown,retail_deposits,unknown,web_self_service,web_self_service|relationship_manager|branch,product_dependent,relationship_history|bank_transactions|bureau|financial_statements|collateral,Existing current-account data and authenticated online-banking journey,high,yes,yes,quote in 3 minutes; application about 10 minutes for eligible existing-account route,within 24 hours if approved; potentially same day under conditions,strong,high,high,no_yet,strong_segment_disclosure,partial,yes,yes,yes,2,high,2026-10-02,https://www.natwest.com/business/loans-and-finance/small-business-loan.html,https://www.natwest.com/business/loans-and-finance/business-overdraft.html,unknown,A,candidate,Strong existing-customer incumbent journey benchmark for H1,unknown,unknown
UK_ALLICA,Allica Bank,Allica Bank Limited,Allica Bank,United Kingdom,https://www.allica.bank/business-loans,sme_specialist_bank,bank,small|medium|upper_sme,Established UK businesses; product-specific criteria,open_market,unknown,unknown,unknown,unknown,unknown,unknown,unknown,unknown,unknown,unknown,unknown,United Kingdom,medium,unsecured_term_loan|commercial_real_estate|asset_equipment_finance|overdraft,25001,15000000,GBP,12,360,product_dependent,sometimes,unknown,partial,unknown,business_deposits,unknown,relationship_manager,web_self_service|broker|relationship_manager,rules_plus_analyst,bank_transactions|financial_statements|management_accounts|bureau|collateral|owner_guarantor_bureau,Digital intake combined with human underwriter/relationship model,high,yes,no,decision in principle in minutes; full underwriting follows,days for business loan if approved,partial,high,high,partial,strong_segment_disclosure,yes,yes,yes,yes,3,high,2026-10-02,https://www.allica.bank/business-loans,https://www.allica.bank/property-finance,https://www.allica.bank/introducers,A,candidate,Digital-plus-underwriter specialist counterpoint to instant small-ticket lending,unknown,unknown
UK_LLOYDS,Lloyds Bank Business,Lloyds Bank plc,Lloyds Banking Group,United Kingdom,https://www.lloydsbank.com/business/borrowing-for-your-business.html,universal_bank,bank,micro|small|medium|upper_sme,Product-dependent,existing_preferred,unknown,unknown,unknown,unknown,unknown,unknown,unknown,unknown,unknown,unknown,unknown,United Kingdom,high,unsecured_term_loan|overdraft|business_credit_card|invoice_finance|asset_equipment_finance|trade_finance,500,1000000,GBP,unknown,unknown,product_dependent,sometimes,yes,strong,unknown,retail_deposits,unknown,web_self_service,web_self_service|relationship_manager|specialist,product_dependent,relationship_history|bank_transactions|financial_statements|accounting_data|collateral,Broad current-account/payments data and invoice-finance specialist operations,medium,partial,unknown,online indicative quote in minutes for smaller products,invoice finance can release up to 90% typically within 24 hours,strong,high,medium,no_yet,strong_segment_disclosure,partial,yes,yes,yes,2,high,2026-10-02,https://www.lloydsbank.com/business/borrowing-for-your-business.html,https://www.lloydsbank.com/business/invoice-finance/quote-tool.html,unknown,B,candidate,Broad incumbent product stack gives cross-product journey benchmark,unknown,unknown
BR_NUBANK,Nubank / Nu Empresas,Nu Pagamentos S.A. and relevant credit entity,Nu Holdings Ltd.,Brazil,https://nubank.com.br/empresas/emprestimos,digital_bank,financial_institution_group,micro|small,Nu Empresas customers; offer availability determined by automated credit analysis,existing_preferred,unknown,unknown,unknown,unknown,unknown,unknown,unknown,unknown,unknown,unknown,unknown,Brazil,high,unsecured_term_loan|working_capital|receivables_advance,unknown,unknown,unknown,unknown,unknown,mostly_unsecured,unknown,yes,strong,unknown,retail_deposits,unknown,mobile_self_service,mobile_self_service,automated,relationship_history|bank_transactions|bureau|registry_data,Nu PJ/PF account usage and internal relationship signals combined with external financial-profile data,high,yes,yes,continuous automatic eligibility analysis; no fixed time to offer,funds deposited directly to Nubank PJ account after contracting,strong,high,high,partial,strong_segment_disclosure,partial,yes,yes,yes,3,high,2026-10-02,https://nubank.com.br/empresas/emprestimos,https://nubank.com.br/contratos/termos-e-condicoes-emprestimo-capital-de-giro,https://nubank.com.br/empresas,A,candidate,Digital-bank existing-customer data model is central case for H1/H4/H6,unknown,unknown
BR_STONE,Stone,Stone group relevant credit/payment entities,StoneCo Ltd.,Brazil,https://www.stone.com.br/credito,payments_or_acquiring_lender,regulated_financial/payment_group,micro|small|medium,"Offers depend on relationship, revenue and credit analysis; guarantee products have revenue caps",existing_preferred,unknown,unknown,unknown,4m+ partners (not borrowers),unknown,unknown,unknown,unknown,unknown,unknown,unknown,Brazil,high,working_capital|revolving_line|business_credit_card|government_guaranteed_loan|embedded_credit,1000,unknown,BRL,unknown,unknown,product_dependent,unknown,yes,strong,unknown,mixed,unknown,payments_ecosystem,mobile_self_service|payments_ecosystem|specialist,automated_plus_manual_exceptions,acquiring_data|bank_transactions|relationship_history|bureau|registry_data,High-frequency acquiring/payment and account data; repayment can be retained automatically from sales,high,yes,yes,pre-approved offers generated automatically; application tracked in app,up to 4 business days after request if approved for working-capital loan,strong,high,high,yes,strong_segment_disclosure,yes,yes,yes,yes,4,high,2026-10-02,https://www.stone.com.br/credito,https://www.stone.com.br/capital-de-giro,https://ajuda.stone.com.br/pt_BR/capital-de-giro/capital-de-giro-stone,A,candidate,Acquiring-data + sales-linked repayment + visible screens makes Stone a flagship S7 journey/risk case,unknown,unknown
BR_ITAU,Itaú Empresas,Itaú Unibanco S.A.,Itaú Unibanco Holding S.A.,Brazil,https://www.itau.com.br/empresas/emprestimos-financiamentos/capital-giro,universal_bank,bank,micro|small|medium|upper_sme,Product-dependent; Pronampe <=BRL4.8m revenue; FGI PEAC <=BRL300m,existing_preferred,unknown,unknown,unknown,unknown,unknown,unknown,unknown,unknown,unknown,unknown,unknown,Brazil,high,working_capital|revolving_line|government_guaranteed_loan|secured_term_loan,unknown,unknown,unknown,unknown,unknown,mixed,sometimes,yes,strong,unknown,retail_deposits,unknown,mobile_self_service,mobile_self_service|web_self_service|relationship_manager,product_dependent,relationship_history|bank_transactions|financial_statements|collateral|tax_data,Incumbent transaction relationship plus e-CAC revenue sharing for guarantee programmes,high,yes,yes,unknown,digital capital-giro contracting can credit funds immediately,strong,high,high,partial,strong_segment_disclosure,partial,yes,yes,yes,3,high,2026-10-02,https://www.itau.com.br/empresas/emprestimos-financiamentos/capital-giro,https://www.itau.com.br/empresas/emprestimos-financiamentos/fgo,https://www.itau.com.br/empresas/emprestimos-financiamentos/fgi,A,candidate,"Incumbent benchmark spanning ordinary, collateralized and government-guaranteed digital credit",unknown,unknown
BR_INTER,Inter Empresas,Banco Inter S.A.,"Inter & Co, Inc.",Brazil,https://inter.co/empresas/emprestimos/capital-de-giro/,digital_bank,bank,micro|small|medium,Product/program eligibility; Pronampe and FGI PEAC offered,existing_preferred,unknown,unknown,unknown,unknown,unknown,unknown,unknown,unknown,unknown,unknown,unknown,Brazil,medium,working_capital|government_guaranteed_loan|business_credit_card,8000,500000,BRL,unknown,60,guarantee_backed_or_product_dependent,unknown,yes,strong,unknown,retail_deposits,unknown,mobile_self_service,mobile_self_service|web_self_service,automated_plus_manual_exceptions,relationship_history|bank_transactions|tax_data|bureau,Digital-bank account relationship and app distribution,medium,yes,unknown,unknown,funds credited to account after digital flow if approved,strong,high,high,partial,strong_segment_disclosure,partial,yes,yes,yes,1,high,2026-10-02,https://inter.co/empresas/emprestimos/capital-de-giro/,unknown,unknown,B,candidate,Digital-bank guarantee-backed credit comparison with Nubank/Stone,unknown,unknown
DE_QONTO,Qonto Germany,Qonto S.A.,Qonto,Germany,https://qonto.com/de/financing-solutions,digital_bank,regulated_payment/credit_institution_group,self_employed|micro|small,Germany-based business; key direct products generally require >=6 months history and KYB,existing_only,6 months for key financing products,unknown,unknown,unknown,unknown,unknown,unknown,unknown,unknown,unknown,unknown,Germany,medium,overdraft|business_credit_card|invoice_pay_later|partner_term_loans,500,1000000,EUR,unknown,unknown,mostly_unsecured,product_dependent,unknown,weak,unknown,mixed,unknown,mobile_self_service,mobile_self_service|web_self_service|partner_marketplace,product_dependent,relationship_history|bank_transactions|financial_statements|accounting_documents,Qonto account history plus embedded financing marketplace and direct products,high,yes,yes,direct eligible financing can activate in minutes; partner loans up to 48 hours,direct/24h depending product,strong,high,high,partial,private_minimal,no,no,no,no,3,high,2026-10-02,https://qonto.com/de/financing-solutions,https://qonto.com/de/financing,https://qonto.com/de/financing/partners,A,candidate,Account-led SME finance combines own credit and embedded partner marketplace,unknown,unknown
DE_IWOCA,iwoca Germany,iwoca Deutschland GmbH / lending entities,iwoca Ltd,Germany,https://www.iwoca.de/geschaeftskredit,fintech_balance_sheet_lender,nonbank_lender,self_employed|micro|small,Germany-based; >=2 months trading; >EUR22k annual revenue,open_market,2 months,">EUR22,000 annual revenue",unknown,unknown,unknown,unknown,unknown,unknown,unknown,unknown,unknown,Germany,medium,unsecured_term_loan|revolving_line,1000,500000,EUR,unknown,60,mostly_unsecured,unknown,unknown,limited,unknown,mixed,unknown,web_self_service,web_self_service|partner_marketplace,automated_plus_manual_exceptions,open_banking|bank_transactions|financial_statements|management_accounts|bureau,Ticket-based document substitution: Open Banking can cover smaller requests; more accounting data at larger tickets,high,yes,unknown,seconds for some <=EUR15k requests; otherwise within 48 hours,within 48 hours,strong,high,high,yes,private_minimal,no,proxy,no,no,3,high,2026-10-02,https://www.iwoca.de/geschaeftskredit,https://www.iwoca.de/finanzierung,https://support.iwoca.de/de/articles/790543-wie-beantrage-ich-einen-kredit,A,candidate,Clear ticket-driven automation/document breakpoint is highly useful for H2/H4,unknown,unknown
DE_COMMERZBANK,Commerzbank Unternehmerkunden,Commerzbank AG,Commerzbank AG,Germany,https://www.commerzbank.de/unternehmerkunden/finanzierungen/gewerbekredit/,universal_bank,bank,self_employed|micro|small|medium|upper_sme,German businesses/self-employed; product-dependent,open_market,unknown,unknown,unknown,unknown,unknown,unknown,unknown,unknown,unknown,unknown,unknown,Germany,high,overdraft|working_capital|term_loan,5000,unknown,EUR,unknown,unknown,product_dependent,sometimes,yes,strong,unknown,retail_deposits,unknown,relationship_manager,web_self_service|branch|relationship_manager,rules_plus_analyst,financial_statements|bureau|relationship_history|collateral,Large Mittelstand/current-account franchise and hybrid digital-adviser process,medium,yes,unknown,online form ~2 minutes; adviser contact within 48 hours; up to EUR100k may be decided in consultation,unknown,partial,high,medium,partial,strong_segment_disclosure,partial,yes,yes,yes,1,high,2026-10-02,https://www.commerzbank.de/unternehmerkunden/finanzierungen/gewerbekredit/,unknown,unknown,B,candidate,German relationship-bank benchmark with digital intake but adviser-led underwriting,unknown,unknown
DE_KFW,KfW SME promotional lending,KfW Bankengruppe,Federal Republic of Germany / Länder,Germany,https://www.kfw.de/,government_development_lender,development_bank,micro|small|medium|upper_sme,Programme-specific; often EU/KfW SME criteria,open_market_via_on_lending_bank,unknown,unknown,unknown,unknown,unknown,unknown,unknown,unknown,unknown,unknown,unknown,Germany,high,government_guaranteed_loan|term_loan|investment_finance,unknown,unknown,unknown,unknown,unknown,product_dependent,product_dependent,yes,strong,unknown,government_funding,unknown,partner_bank,partner_bank|relationship_manager,product_dependent,financial_statements|project_data|partner_bank_underwriting|collateral,Programme design and risk-sharing through house-bank/on-lending system,high,partial,no,unknown,unknown,weak,medium,low,no_yet,strong_segment_disclosure,yes,yes,yes,yes,2,high,2026-10-02,https://www.kfw.de/About-KfW/KfW-Research/KfW-Mittelstandspanel.html,https://www.kfw.de/,unknown,B,candidate,Development/on-lending model needed to understand guarantee/promotional segment economics,unknown,unknown
IN_SBI,State Bank of India SME,State Bank of India,State Bank of India,India,https://sbi.co.in/,universal_bank,bank,micro|small|medium,MSME/product-specific under Indian classification,open_market,unknown,unknown,unknown,2300000+ SME customers (FY2025),unknown,506027,INR_cr,2025-03-31,unknown,unknown,unknown,India,high,working_capital|term_loan|supply_chain_finance|government_guaranteed_loan|invoice_finance,100000,50000000,INR,unknown,unknown,product_dependent,product_dependent,yes,strong,unknown,retail_deposits,unknown,relationship_manager,branch|relationship_manager|web_self_service|mobile_self_service,product_dependent,bureau|GST|ITR|bank_transactions|relationship_history|financial_statements,BRE automates SME loans up to INR5cr using bureau/GST/ITR/banking; PABL uses transaction history,high,yes,yes,instant in-principle routes and automated BRE for eligible products,unknown,strong,medium,medium,partial,strong_segment_disclosure,partial,yes,yes,yes,2,high,2026-10-02,https://sbi.co.in/documents/17826/35696/Annual%2BReport%2BFY2025.pdf/1b6a1b79-a16d-b9d1-d28f-be8d7edf60d5,https://sbi.co.in/,unknown,A,candidate,Large incumbent with explicit automated-to-RM thresholds and rich disclosures,unknown,unknown
IN_AXIS,Axis Bank MSME,Axis Bank Limited,Axis Bank Limited,India,https://www.axisbank.com/,universal_bank,bank,micro|small|medium,Axis MSME/SBB; product pages cite turnover bands up to INR250cr in SME menu,open_market,unknown,unknown,unknown,unknown,unknown,unknown,unknown,unknown,unknown,unknown,unknown,India,high,working_capital|term_loan|overdraft|government_guaranteed_loan|asset_equipment_finance|trade_finance,300000,50000000,INR,12,36,mixed,product_dependent,yes,strong,unknown,retail_deposits,unknown,branch,branch|web_self_service|relationship_manager|corporate_tieups,product_dependent,financial_statements|bank_transactions|GST|bureau|collateral,"Multiple assessment programmes use financials, banking conduct or GST turnover; pre-approved instant offers for some customers",high,yes,yes,programme-specific; digital approval routes available,unknown,strong,medium,medium,partial,strong_segment_disclosure,partial,yes,yes,yes,3,high,2026-10-02,https://www.axisbank.com/docs/default-source/default-document-library/msme-policy.pdf?sfvrsn=0,https://www.axisbank.com/docs/default-source/ebrochures/sbb---unsecured-loan-leaflet.pdf,https://www.axisbank.com/,B,candidate,Bank illustrates multiple underwriting programmes by available data and collateral,unknown,unknown
IN_UGRO,UGRO Capital,UGRO Capital Limited,UGRO Capital,India,https://www.ugrocapital.com/,fintech_balance_sheet_lender,NBFC,micro|small|medium,MSME-focused lender,open_market,unknown,unknown,unknown,400000+,unknown,15013,INR_cr,2026-06-30,unknown,unknown,unknown,India,high,working_capital|term_loan|secured_term_loan|embedded_credit,unknown,unknown,unknown,unknown,unknown,mixed,product_dependent,unknown,strong,unknown,mixed,unknown,embedded_partner,branch|embedded_partner|fintech_partner,automated_plus_manual_exceptions,bank_transactions|GST|bureau|financial_statements|ecosystem_data,GRO Score / sectoral analytics and embedded-finance partnerships with fintech/payment ecosystems,high,yes,unknown,unknown,unknown,partial,medium,medium,no_yet,strong_segment_disclosure,yes,yes,yes,yes,1,high,2026-06-30,https://www.ugrocapital.com/,unknown,unknown,A,candidate,Publicly disclosed MSME NBFC with embedded model and proprietary scoring enables economics/risk analysis,unknown,unknown
IN_LENDINGKART,Lendingkart,Lendingkart Finance Limited,Lendingkart Group,India,https://www.lendingkart.com/,fintech_balance_sheet_lender,NBFC,self_employed|micro|small,"SMEs/self-employed; eligibility form captures vintage, registration, business type and monthly sales",open_market,unknown,unknown,unknown,250000+ MSMEs served,unknown,unknown,unknown,unknown,300000+ loans cumulative,unknown,unknown,India,medium,unsecured_term_loan|working_capital,unknown,unknown,INR,unknown,unknown,mostly_unsecured,unknown,yes,limited,unknown,mixed,unknown,web_self_service,web_self_service|mobile_self_service,automated_plus_manual_exceptions,bureau|GST|CKYC|bank_transactions|business_registration,Digital application and consented bureau/GST/KYC retrieval,high,yes,unknown,processing within 72 hours,unknown,strong,high,high,yes,private_minimal,partial,proxy,proxy,proxy,3,high,2026-10-02,https://www.lendingkart.com/,https://www.lendingkart.com/business-loan/check-loan-eligibility,https://www.lendingkart.com/business-loan/sme/dealsofloan,A,candidate,Screenable digital NBFC journey with observable consent/data pulls,unknown,unknown
IN_INDIFI,Indifi,Indifi Technologies Private Limited / lending partners including NBFC,Indifi,India,https://www.indifi.com/,fintech_originator_marketplace,technology_lending_platform_with_NBFC_and_partners,micro|small,Small businesses/MSMEs; product-dependent,open_market,unknown,unknown,unknown,unknown,unknown,unknown,unknown,unknown,160000+ loans facilitated cumulative,unknown,unknown,India,medium,unsecured_term_loan|working_capital,unknown,5000000,INR,unknown,36,mostly_unsecured,unknown,unknown,limited,unknown,partner_bank,unknown,web_self_service,web_self_service|partner_network,automated_plus_manual_exceptions,bank_transactions|GST|bureau|financial_documents,Technology platform routes borrowers to 15+ lending partners and own RBI-registered NBFC,high,yes,unknown,unknown,as little as 48-72 hours depending product,partial,high,high,partial,private_minimal,no,no,no,no,2,high,2026-10-02,https://www.indifi.com/,https://www.indifi.com/business-loan/interest-rate,unknown,B,candidate,Marketplace/partner-lender model contrasts with balance-sheet NBFCs and banks,unknown,unknown
