company,country,primary_segments,existing_relationship_central,preapproved_offer,machine_transaction_data,tax_or_invoice_data,acquiring_or_marketplace_data,traditional_financials_required,human_underwriter_rm,explicit_process_breakpoint,digital_application,fast_funding,repeat_dynamic_limit,sales_linked_repayment,government_guarantee,asset_light_distribution,receivables_factory,main_mechanism
Nubank,Brazil,S1|S2,yes,yes,yes,partial,no,no_for_visible_fast_lane,low_or_unknown,offer_eligibility,yes,immediate,yes,no,yes,no,no,"continuous pre-underwriting from account relationship"
Stone,Brazil,S1|S3|S7,yes,yes,yes,partial,yes,product_dependent,dedicated_desk_for_larger,automated_vs_dedicated,yes,up_to_4_business_days,yes,yes,yes,no,no,"acquiring data + embedded offer + sales-linked repayment"
iwoca,Germany,S1|S2,no,no,yes,no,no,yes_above_threshold,yes_exceptions,EUR50k_document_breakpoint,yes,24_48h,yes,no,no,no,no,"Open Banking low-ticket lane with document escalation"
Rabobank,Netherlands,S2|S4|S5,partial,partial,yes,no,no,yes_for_broader_cases,yes,EUR250k_5y_fast_lane,yes,often_2_business_days,partial,no,yes,no,no,"transaction data replaces annual accounts in bounded bank fast lane"
CommBank,Australia,S1|S2|S5,yes,yes,yes,no,no,case_dependent,specialist_fallback,existing_vs_new_and_complexity,yes,minutes_eligible,partial,no,no,no,no,"existing-customer bank data creates conditional/instant lane"
Mercado Pago,Mexico,S1|S7,yes,yes,yes,partial,yes,no_visible,low_unknown,offer_eligibility,yes,immediate,yes,product_dependent,no,no,no,"marketplace/payment behavior underwrites before application"
Funding Circle,United Kingdom,S2,no,partial,yes,no,no,case_dependent,yes_exceptions,legal_form_and_product,yes,typically_48h,yes,no,yes,yes_term_loans,no,"digital SME underwriting plus product-specific funding architecture"
Itaú,Brazil,S2|S3|S5,yes,yes,yes,yes,no,product_dependent,yes,product_and_guarantee,yes,immediate_some_products,yes,no,yes,no,no,"deposit bank relationship + digitized guarantee programs"
SBI,India,S1|S3|S5,yes,yes,yes,yes,partial,case_dependent,yes_larger,INR50lakh_and_other_product_limits,yes,instant_some_products,yes,no,yes,no,no,"multiple SME factories using transaction/GST/UPI data"
UGRO,India,S2|S4|S7,partner_relationship,yes_embedded,yes,yes,yes,product_dependent,yes_exceptions,product_engine,yes,hours_embedded,partial,no,partial,no,no,"embedded merchant data + secured LAP multi-engine NBFC"
Judo Bank,Australia,S4|S5,no,no,partial,no,no,yes,yes,relationship_model,partial,case_specific,no,no,no,no,no,"empowered banker judgment for larger SME"
American Express BLOC,United States,S1|S2,partial_strong,yes_select,yes,no,partial,no_for_repeat_draw,low_exceptions,dynamic_line_and_relationship,yes,seconds_to_Amex_checking,yes,no,no,no,no,"dynamic relationship credit line with linked-bank data"
Allica,United Kingdom,S4|S5,no,no,yes,no,no,yes,yes,product_ticket_and_security,yes,days_after_approval,no,no,no,no,no,"digital workflow around explicit human underwriting"
Commerzbank,Germany,S4|S5,partial,no,partial,no,no,yes,yes,EUR100k_decision_authority,yes,case_specific,no,no,no,no,no,"digital-to-empowered-adviser fast lane"
Floryn,Netherlands,S2,no,partial,yes,no,no,yes_above_250k,yes_overlay,EUR250k_annual_accounts_breakpoint,yes,same_day_or_24h,yes,no,no,no,no,"PSD2 cash-flow underwriting with accounting escalation"
Konfío,Mexico,S2,no,offer_after_data,no,yes,no,limited,low_exception,tax_data_eligibility,yes,24_72h,yes,no,no,no,no,"SAT/e-invoice underwriting replaces traditional collateral/file"
Square Loans,United States,S7,yes,yes,yes,no,yes,no,low_exception,offer_eligibility,yes,instant_to_Square_Checking,yes,yes,no,yes,no,"payments data + embedded offer + investor loan sale"
Bibby Financial Services,United Kingdom,S6,no,no,no,yes_invoice_ledger,no,yes,yes,facility_establishment,partial,within_24h_after_facility,no,no,no,no,yes,"receivables/debtor underwriting and recurring invoice liquidity"
