dimension_id,dimension,l0,l1,l2,l3,l4
M1,Factory architecture,"One broad SME process","Different products; same workflow","Basic routing by ticket/product","Distinct factories with common platform","Factory policies/economics continuously optimized"
M2,Existing-customer pre-underwriting,"Apply from zero","Prefill known data","Transactions used after application","Continuous eligibility / preapproved offers","Dynamic limits + repeat optimization"
M3,External data substitution,"Manual documents","Digital uploads","Machine data supplemental","Machine data replaces docs inside perimeter","Multi-source automated; docs exception-only"
M4,Automation perimeter,"Manual / implicit","Some rules","Selected STP","Explicit ticket/data/security routing","Perimeters optimized on conversion-loss-OPEX-capital"
M5,Human underwriting,"Opaque handoffs","Named RM only","Digital credit pack","Empowered RM/underwriter","Human effort allocated by marginal economic value"
M6,Journey orchestration,"No status","Digital application","Basic status/upload","Single case state end-to-end","Proactive next-best action / ETA"
M7,Pricing transparency,"Late/opaque","Indicative pricing","Personalized price before commit","Full price/fees/repayment at offer/draw","Dynamic relationship/risk pricing with explanation"
M8,Repeat lending,"Reapply","Some reuse","Fast-track repeat","Dynamic reusable limit/top-up","Continuous limit/price optimization"
M9,Guarantee lending,"Manual/off-core","Specialist process","Some digital eligibility","Integrated eligibility/origination + separate economics","Optimized by incremental approval/loss/capital"
M10,Receivables/asset factory,"Generic credit","Specialist product","Dedicated team","Dedicated data/workflow/monitoring","Automated asset ingestion + funding optimization"
M11,Funding/capital,"One funding view","Basic FTP","Product-specific funding/capital","Alternative funding by product engine","Dynamic hold/distribute optimization"
M12,Risk measurement,"Portfolio NPL","By product","By product/vintage","By product×relationship×decision×channel×vintage","Risk-adjusted policy optimization at same grain"
M13,Economics,"Volume/revenue","Product P&L","Yield-funding-loss","Full contribution incl OPEX/capital/relationship","Economics embedded in policy/allocation"
M14,Data/technology,"Point systems","Digital front around legacy","Reusable APIs/data services","Shared identity/data/decision/orchestration","Composable versioned experimentation platform"
M15,Governance,"Silo metrics","Steering committee","Shared transformation KPIs","Factory owner + joint economics","Continuous portfolio allocation by risk-adjusted economics"
