dimension_id,dimension,current_level_0_4,evidence,target_level_0_4,why_target_matters,gap,dependency,value_channel,main_risk,owner,confidence
M1,Factory architecture,,,,,,,,,,,
M2,Existing-customer pre-underwriting,,,,,,,,,,,
M3,External data substitution,,,,,,,,,,,
M4,Automation perimeter,,,,,,,,,,,
M5,Human underwriting,,,,,,,,,,,
M6,Journey orchestration,,,,,,,,,,,
M7,Pricing transparency,,,,,,,,,,,
M8,Repeat lending,,,,,,,,,,,
M9,Guarantee lending,,,,,,,,,,,
M10,Receivables/asset factory,,,,,,,,,,,
M11,Funding/capital architecture,,,,,,,,,,,
M12,Risk measurement,,,,,,,,,,,
M13,Economics,,,,,,,,,,,
M14,Data/technology platform,,,,,,,,,,,
M15,Governance,,,,,,,,,,,
