pattern_id,pattern_name,primary_examples,data_prerequisite,distribution_prerequisite,funding_prerequisite,risk_prerequisite,regulatory_infrastructure,expected_impact,transferability,confidence,key_caveat
P1,Continuous pre-underwriting,"Nubank|Stone|Square|Mercado Pago|CommBank|Amex|SBI","Rich recurring relationship or transaction data","Existing customer/account/platform base","Any viable funding model","Continuous monitoring and offer policy","Digital consent/KYC","Faster journey; lower CAC/OPEX; higher conversion/repeat",High with prerequisites,High,"Does not help sparse/new-to-bank customers"
P2,Machine-readable data substitution,"Rabobank|Floryn|iwoca|Konfio|SBI|Stone","Open Banking/tax/accounting/acquiring data","Digital application","Any","Models validated on alternative data","Data-sharing / tax APIs / consent","Lower document burden and underwriting cost",High but infrastructure-dependent,High,"Data quality and coverage vary by country"
P3,Explicit automation perimeter,"iwoca|Rabobank|Floryn|SBI|Commerzbank|CommBank","Risk data sufficient to define breakpoints","Any","Any","Ticket/tenor/security escalation policy","None beyond ordinary lending rules","Lower cost without forcing complex credit into STP",Very high,High,"Threshold cliff / gaming risk"
P4,Human-underwriting fast lane,"Allica|Commerzbank|Judo","Financials + relationship/context data","RM/broker/direct","Funding able to support larger tickets","Skilled empowered underwriters","Strong governance / delegated authorities","Faster larger-ticket credit and better banker productivity",High for medium/upper SME,High,"Higher OPEX and judgment/concentration risk"
P5,Repeat-lending dynamic limit,"Amex|Square|Nubank|SBI|Funding Circle|Mercado Pago","Repayment + ongoing behavior data","Existing borrower relationship","Any","Continuous limit management","Digital servicing","Lower repeat CAC; faster draw; higher LTV",High,Medium-High,"Repeat cohort economics not widely disclosed"
P6,Embedded sales-linked repayment,"Stone|Square|Mercado Pago","Acquiring/marketplace sales data","Payments/platform ecosystem","Any","Dynamic repayment and monitoring","Payment-control permissions","Lower servicing friction; real-time monitoring",Context-specific,High,"Sales shocks slow repayment"
P7,Digitized guarantee-backed lending,"Itau|Stone|SBI","Tax/revenue + programme eligibility data","Bank/app/RM","Bank/NBFC + guarantee scheme","Guarantee eligibility and claim controls","Government guarantee programme","Potentially broader approval and lower uncovered risk",Medium-High,Medium-High,"Programme-dependent; comparable RAROC often unavailable"
P8,Product-specific funding architecture,"Funding Circle|Square|Floryn|Bibby|Judo","Asset-level performance data","Any","Forward flow/securitisation/deposits/warehouse","Asset eligibility and investor controls","Capital/securitisation rules","Lower funding/capital intensity; better ALM",High,High,"Market funding may disappear in stress"
P9,Receivables-first lending factory,"Bibby","Invoice/debtor ledger","B2B invoicing relationship","Receivables-backed facility","Fraud/dilution/debtor concentration controls","Assignment/receivables legal framework","Working-capital liquidity tied to sales","High in eligible B2B segments",High,"Not applicable to non-invoice businesses"
P10,Shared platform multiple credit factories,"SBI|Itau|Allica|Rabobank|Funding Circle","Common customer/data layer","Multi-channel","Product-specific","Separate risk policies and decision rights","Bank/NBFC governance","Scale economies with segment-specific underwriting",Very high for scaled lenders,High,"Organizational complexity and ownership boundaries"
